ISO-10303-21;
HEADER;
/* Generated by software containing ST-Developer
 * from STEP Tools, Inc. (www.steptools.com)
 */

FILE_DESCRIPTION(
/* description */ (''),
/* implementation_level */ '2;1');

FILE_NAME(
/* name */ 'Watermeter enclosure (box).step',
/* time_stamp */ '2026-08-17T12:32:15+03:00',
/* author */ (''),
/* organization */ (''),
/* preprocessor_version */ 'ST-DEVELOPER v20.1',
/* originating_system */ 'Autodesk Translation Framework v15.8.0.0',
/* authorisation */ '');

FILE_SCHEMA (('AUTOMOTIVE_DESIGN { 1 0 10303 214 3 1 1 }'));
ENDSEC;

DATA;
#10=MECHANICAL_DESIGN_GEOMETRIC_PRESENTATION_REPRESENTATION('',(#35,#36,
#37,#38),#5110);
#11=ITEM_DEFINED_TRANSFORMATION($,$,#2993,#3276);
#12=ITEM_DEFINED_TRANSFORMATION($,$,#3227,#3277);
#13=(
REPRESENTATION_RELATIONSHIP($,$,#5124,#5123)
REPRESENTATION_RELATIONSHIP_WITH_TRANSFORMATION(#11)
SHAPE_REPRESENTATION_RELATIONSHIP()
);
#14=(
REPRESENTATION_RELATIONSHIP($,$,#5125,#5123)
REPRESENTATION_RELATIONSHIP_WITH_TRANSFORMATION(#12)
SHAPE_REPRESENTATION_RELATIONSHIP()
);
#15=CONTEXT_DEPENDENT_SHAPE_REPRESENTATION(#13,#5121);
#16=CONTEXT_DEPENDENT_SHAPE_REPRESENTATION(#14,#5122);
#17=NEXT_ASSEMBLY_USAGE_OCCURRENCE('Component1:1','Component1:1',
'Component1:1',#5127,#5128,'Component1:1');
#18=NEXT_ASSEMBLY_USAGE_OCCURRENCE('Component2:1','Component2:1',
'Component2:1',#5127,#5129,'Component2:1');
#19=DERIVED_UNIT_ELEMENT(#21,1.);
#20=DERIVED_UNIT_ELEMENT(#5112,-3.);
#21=(
MASS_UNIT()
NAMED_UNIT(*)
SI_UNIT(.KILO.,.GRAM.)
);
#22=DERIVED_UNIT((#19,#20));
#23=MEASURE_REPRESENTATION_ITEM('density measure',
POSITIVE_RATIO_MEASURE(7850.),#22);
#24=PROPERTY_DEFINITION_REPRESENTATION(#29,#26);
#25=PROPERTY_DEFINITION_REPRESENTATION(#30,#27);
#26=REPRESENTATION('material name',(#28),#5109);
#27=REPRESENTATION('density',(#23),#5109);
#28=DESCRIPTIVE_REPRESENTATION_ITEM('Steel','Steel');
#29=PROPERTY_DEFINITION('material property','material name',#5129);
#30=PROPERTY_DEFINITION('material property','density of part',#5129);
#31=SHAPE_REPRESENTATION_RELATIONSHIP('SRR','None',#5124,#33);
#32=SHAPE_REPRESENTATION_RELATIONSHIP('SRR','None',#5125,#34);
#33=ADVANCED_BREP_SHAPE_REPRESENTATION('',(#39,#40,#41),#5108);
#34=ADVANCED_BREP_SHAPE_REPRESENTATION('',(#42),#5109);
#35=STYLED_ITEM('',(#5142),#39);
#36=STYLED_ITEM('',(#5142),#40);
#37=STYLED_ITEM('',(#5142),#41);
#38=STYLED_ITEM('',(#5142),#42);
#39=MANIFOLD_SOLID_BREP('box',#2988);
#40=MANIFOLD_SOLID_BREP('lid',#2989);
#41=MANIFOLD_SOLID_BREP('Body12',#2990);
#42=MANIFOLD_SOLID_BREP('Body1',#2991);
#43=SPHERICAL_SURFACE('',#3138,1.49999999999999);
#44=SPHERICAL_SURFACE('',#3140,1.5);
#45=SPHERICAL_SURFACE('',#3145,1.5);
#46=SPHERICAL_SURFACE('',#3147,1.5);
#47=SPHERICAL_SURFACE('',#3203,1.5);
#48=SPHERICAL_SURFACE('',#3207,1.5);
#49=SPHERICAL_SURFACE('',#3211,1.5);
#50=SPHERICAL_SURFACE('',#3212,1.5);
#51=SPHERICAL_SURFACE('',#3234,0.5);
#52=SPHERICAL_SURFACE('',#3247,0.5);
#53=(
BOUNDED_SURFACE()
B_SPLINE_SURFACE(1,2,((#4331,#4332,#4333,#4334,#4335),(#4336,#4337,#4338,
#4339,#4340)),.UNSPECIFIED.,.F.,.F.,.F.)
B_SPLINE_SURFACE_WITH_KNOTS((2,2),(3,2,3),(-2.01672370560727E-15,0.100916845878691),
(0.0009841598257545,1.57128840670777,3.14159265358979),.UNSPECIFIED.)
GEOMETRIC_REPRESENTATION_ITEM()
RATIONAL_B_SPLINE_SURFACE(((1.,0.707280736303845,1.,0.707280736303845,1.),
(1.,0.707280736303845,1.,0.707280736303845,1.)))
REPRESENTATION_ITEM('')
SURFACE()
);
#54=ELLIPSE('',#3031,9.90914838145133,7.5364182847427);
#55=ELLIPSE('',#3033,9.90914838145133,7.5364182847427);
#56=ELLIPSE('',#3254,0.989949493661171,0.7);
#57=ELLIPSE('',#3260,0.989949493661167,0.7);
#58=B_SPLINE_CURVE_WITH_KNOTS('',3,(#4226,#4227,#4228,#4229,#4230,#4231),
 .UNSPECIFIED.,.F.,.F.,(4,2,4),(0.691771960968228,0.740804101207611,0.775372593789991),
 .UNSPECIFIED.);
#59=B_SPLINE_CURVE_WITH_KNOTS('',3,(#4235,#4236,#4237,#4238,#4239,#4240,
#4241,#4242),.UNSPECIFIED.,.F.,.F.,(4,2,2,4),(0.339042894194329,0.444638517066264,
0.538937637345513,0.582829123440807),.UNSPECIFIED.);
#60=B_SPLINE_CURVE_WITH_KNOTS('',3,(#4248,#4249,#4250,#4251),
 .UNSPECIFIED.,.F.,.F.,(4,4),(1.01113669399928,1.10540104387467),
 .UNSPECIFIED.);
#61=B_SPLINE_CURVE_WITH_KNOTS('',3,(#4253,#4254,#4255,#4256,#4257,#4258,
#4259,#4260,#4261,#4262,#4263,#4264,#4265,#4266,#4267,#4268),
 .UNSPECIFIED.,.F.,.F.,(4,2,2,2,2,2,2,4),(0.,0.106860213833123,0.194471920114249,
0.240427183935617,0.279121496849458,0.33270486061437,0.45254280998492,0.496669745155885),
 .UNSPECIFIED.);
#62=B_SPLINE_CURVE_WITH_KNOTS('',3,(#4270,#4271,#4272,#4273),
 .UNSPECIFIED.,.F.,.F.,(4,4),(0.36669750470121,0.456012440854871),
 .UNSPECIFIED.);
#63=B_SPLINE_CURVE_WITH_KNOTS('',3,(#4277,#4278,#4279,#4280),
 .UNSPECIFIED.,.F.,.F.,(4,4),(-0.309515139312265,-0.296350749718727),
 .UNSPECIFIED.);
#64=B_SPLINE_CURVE_WITH_KNOTS('',3,(#4282,#4283,#4284,#4285,#4286,#4287,
#4288),.UNSPECIFIED.,.F.,.F.,(4,3,4),(-0.0359713192196117,0.,0.15274452647715),
 .UNSPECIFIED.);
#65=B_SPLINE_CURVE_WITH_KNOTS('',3,(#4290,#4291,#4292,#4293,#4294,#4295),
 .UNSPECIFIED.,.F.,.F.,(4,2,4),(-0.108205559784677,-0.0513877111962576,
0.),.UNSPECIFIED.);
#66=B_SPLINE_CURVE_WITH_KNOTS('',3,(#4296,#4297,#4298,#4299,#4300,#4301,
#4302),.UNSPECIFIED.,.F.,.F.,(4,3,4),(-0.157134140208796,0.,0.0377673126073594),
 .UNSPECIFIED.);
#67=B_SPLINE_CURVE_WITH_KNOTS('',3,(#4948,#4949,#4950,#4951),
 .UNSPECIFIED.,.F.,.F.,(4,4),(0.265428554850762,0.305492292320679),
 .UNSPECIFIED.);
#68=B_SPLINE_CURVE_WITH_KNOTS('',3,(#4955,#4956,#4957,#4958,#4959,#4960,
#4961,#4962,#4963,#4964,#4965,#4966,#4967,#4968),.UNSPECIFIED.,.F.,.F.,
(4,2,2,2,2,2,4),(0.0484816502977602,0.0731041921309923,0.0884043084697952,
0.0996051993433307,0.110433774489566,0.122424390929723,0.150763315841679),
 .UNSPECIFIED.);
#69=B_SPLINE_CURVE_WITH_KNOTS('',3,(#5001,#5002,#5003,#5004,#5005,#5006,
#5007,#5008,#5009,#5010,#5011,#5012,#5013,#5014),.UNSPECIFIED.,.F.,.F.,
(4,2,2,2,2,2,4),(0.,0.013112983154875,0.0179539482956476,0.0220840102325073,
0.0271815415023962,0.0365802516069141,0.0485236828438824),.UNSPECIFIED.);
#70=B_SPLINE_CURVE_WITH_KNOTS('',3,(#5018,#5019,#5020,#5021),
 .UNSPECIFIED.,.F.,.F.,(4,4),(0.0654320896516679,0.105495827121584),
 .UNSPECIFIED.);
#71=FACE_BOUND('',#363,.T.);
#72=FACE_BOUND('',#384,.T.);
#73=FACE_BOUND('',#402,.T.);
#74=FACE_BOUND('',#431,.T.);
#75=FACE_BOUND('',#445,.T.);
#76=FACE_BOUND('',#452,.T.);
#77=FACE_BOUND('',#462,.T.);
#78=FACE_BOUND('',#468,.T.);
#79=FACE_BOUND('',#524,.T.);
#80=PLANE('',#3020);
#81=PLANE('',#3023);
#82=PLANE('',#3024);
#83=PLANE('',#3029);
#84=PLANE('',#3030);
#85=PLANE('',#3034);
#86=PLANE('',#3035);
#87=PLANE('',#3036);
#88=PLANE('',#3038);
#89=PLANE('',#3041);
#90=PLANE('',#3044);
#91=PLANE('',#3045);
#92=PLANE('',#3049);
#93=PLANE('',#3053);
#94=PLANE('',#3057);
#95=PLANE('',#3061);
#96=PLANE('',#3066);
#97=PLANE('',#3067);
#98=PLANE('',#3069);
#99=PLANE('',#3070);
#100=PLANE('',#3073);
#101=PLANE('',#3074);
#102=PLANE('',#3075);
#103=PLANE('',#3077);
#104=PLANE('',#3078);
#105=PLANE('',#3081);
#106=PLANE('',#3082);
#107=PLANE('',#3083);
#108=PLANE('',#3084);
#109=PLANE('',#3085);
#110=PLANE('',#3086);
#111=PLANE('',#3094);
#112=PLANE('',#3097);
#113=PLANE('',#3098);
#114=PLANE('',#3100);
#115=PLANE('',#3101);
#116=PLANE('',#3102);
#117=PLANE('',#3105);
#118=PLANE('',#3109);
#119=PLANE('',#3112);
#120=PLANE('',#3113);
#121=PLANE('',#3114);
#122=PLANE('',#3115);
#123=PLANE('',#3116);
#124=PLANE('',#3117);
#125=PLANE('',#3119);
#126=PLANE('',#3120);
#127=PLANE('',#3121);
#128=PLANE('',#3124);
#129=PLANE('',#3127);
#130=PLANE('',#3128);
#131=PLANE('',#3150);
#132=PLANE('',#3152);
#133=PLANE('',#3153);
#134=PLANE('',#3155);
#135=PLANE('',#3157);
#136=PLANE('',#3158);
#137=PLANE('',#3159);
#138=PLANE('',#3160);
#139=PLANE('',#3164);
#140=PLANE('',#3168);
#141=PLANE('',#3172);
#142=PLANE('',#3176);
#143=PLANE('',#3181);
#144=PLANE('',#3184);
#145=PLANE('',#3187);
#146=PLANE('',#3188);
#147=PLANE('',#3189);
#148=PLANE('',#3192);
#149=PLANE('',#3195);
#150=PLANE('',#3196);
#151=PLANE('',#3213);
#152=PLANE('',#3214);
#153=PLANE('',#3215);
#154=PLANE('',#3216);
#155=PLANE('',#3217);
#156=PLANE('',#3218);
#157=PLANE('',#3219);
#158=PLANE('',#3220);
#159=PLANE('',#3222);
#160=PLANE('',#3223);
#161=PLANE('',#3226);
#162=PLANE('',#3239);
#163=PLANE('',#3240);
#164=PLANE('',#3255);
#165=PLANE('',#3256);
#166=PLANE('',#3258);
#167=PLANE('',#3263);
#168=PLANE('',#3264);
#169=PLANE('',#3265);
#170=PLANE('',#3266);
#171=PLANE('',#3267);
#172=PLANE('',#3268);
#173=PLANE('',#3269);
#174=PLANE('',#3271);
#175=PLANE('',#3272);
#176=PLANE('',#3275);
#177=TOROIDAL_SURFACE('',#2997,1.75,0.5);
#178=TOROIDAL_SURFACE('',#3003,1.75,0.5);
#179=TOROIDAL_SURFACE('',#3009,1.75,0.5);
#180=TOROIDAL_SURFACE('',#3015,1.75,0.5);
#181=TOROIDAL_SURFACE('',#3025,34.6820508075689,2.);
#182=TOROIDAL_SURFACE('',#3236,1.2,0.5);
#183=TOROIDAL_SURFACE('',#3249,1.2,0.5);
#184=FACE_OUTER_BOUND('',#350,.T.);
#185=FACE_OUTER_BOUND('',#351,.T.);
#186=FACE_OUTER_BOUND('',#352,.T.);
#187=FACE_OUTER_BOUND('',#353,.T.);
#188=FACE_OUTER_BOUND('',#354,.T.);
#189=FACE_OUTER_BOUND('',#355,.T.);
#190=FACE_OUTER_BOUND('',#356,.T.);
#191=FACE_OUTER_BOUND('',#357,.T.);
#192=FACE_OUTER_BOUND('',#358,.T.);
#193=FACE_OUTER_BOUND('',#359,.T.);
#194=FACE_OUTER_BOUND('',#360,.T.);
#195=FACE_OUTER_BOUND('',#361,.T.);
#196=FACE_OUTER_BOUND('',#362,.T.);
#197=FACE_OUTER_BOUND('',#364,.T.);
#198=FACE_OUTER_BOUND('',#365,.T.);
#199=FACE_OUTER_BOUND('',#366,.T.);
#200=FACE_OUTER_BOUND('',#367,.T.);
#201=FACE_OUTER_BOUND('',#368,.T.);
#202=FACE_OUTER_BOUND('',#369,.T.);
#203=FACE_OUTER_BOUND('',#370,.T.);
#204=FACE_OUTER_BOUND('',#371,.T.);
#205=FACE_OUTER_BOUND('',#372,.T.);
#206=FACE_OUTER_BOUND('',#373,.T.);
#207=FACE_OUTER_BOUND('',#374,.T.);
#208=FACE_OUTER_BOUND('',#375,.T.);
#209=FACE_OUTER_BOUND('',#376,.T.);
#210=FACE_OUTER_BOUND('',#377,.T.);
#211=FACE_OUTER_BOUND('',#378,.T.);
#212=FACE_OUTER_BOUND('',#379,.T.);
#213=FACE_OUTER_BOUND('',#380,.T.);
#214=FACE_OUTER_BOUND('',#381,.T.);
#215=FACE_OUTER_BOUND('',#382,.T.);
#216=FACE_OUTER_BOUND('',#383,.T.);
#217=FACE_OUTER_BOUND('',#385,.T.);
#218=FACE_OUTER_BOUND('',#386,.T.);
#219=FACE_OUTER_BOUND('',#387,.T.);
#220=FACE_OUTER_BOUND('',#388,.T.);
#221=FACE_OUTER_BOUND('',#389,.T.);
#222=FACE_OUTER_BOUND('',#390,.T.);
#223=FACE_OUTER_BOUND('',#391,.T.);
#224=FACE_OUTER_BOUND('',#392,.T.);
#225=FACE_OUTER_BOUND('',#393,.T.);
#226=FACE_OUTER_BOUND('',#394,.T.);
#227=FACE_OUTER_BOUND('',#395,.T.);
#228=FACE_OUTER_BOUND('',#396,.T.);
#229=FACE_OUTER_BOUND('',#397,.T.);
#230=FACE_OUTER_BOUND('',#398,.T.);
#231=FACE_OUTER_BOUND('',#399,.T.);
#232=FACE_OUTER_BOUND('',#400,.T.);
#233=FACE_OUTER_BOUND('',#401,.T.);
#234=FACE_OUTER_BOUND('',#403,.T.);
#235=FACE_OUTER_BOUND('',#404,.T.);
#236=FACE_OUTER_BOUND('',#405,.T.);
#237=FACE_OUTER_BOUND('',#406,.T.);
#238=FACE_OUTER_BOUND('',#407,.T.);
#239=FACE_OUTER_BOUND('',#408,.T.);
#240=FACE_OUTER_BOUND('',#409,.T.);
#241=FACE_OUTER_BOUND('',#410,.T.);
#242=FACE_OUTER_BOUND('',#411,.T.);
#243=FACE_OUTER_BOUND('',#412,.T.);
#244=FACE_OUTER_BOUND('',#413,.T.);
#245=FACE_OUTER_BOUND('',#414,.T.);
#246=FACE_OUTER_BOUND('',#415,.T.);
#247=FACE_OUTER_BOUND('',#416,.T.);
#248=FACE_OUTER_BOUND('',#417,.T.);
#249=FACE_OUTER_BOUND('',#418,.T.);
#250=FACE_OUTER_BOUND('',#419,.T.);
#251=FACE_OUTER_BOUND('',#420,.T.);
#252=FACE_OUTER_BOUND('',#421,.T.);
#253=FACE_OUTER_BOUND('',#422,.T.);
#254=FACE_OUTER_BOUND('',#423,.T.);
#255=FACE_OUTER_BOUND('',#424,.T.);
#256=FACE_OUTER_BOUND('',#425,.T.);
#257=FACE_OUTER_BOUND('',#426,.T.);
#258=FACE_OUTER_BOUND('',#427,.T.);
#259=FACE_OUTER_BOUND('',#428,.T.);
#260=FACE_OUTER_BOUND('',#429,.T.);
#261=FACE_OUTER_BOUND('',#430,.T.);
#262=FACE_OUTER_BOUND('',#432,.T.);
#263=FACE_OUTER_BOUND('',#433,.T.);
#264=FACE_OUTER_BOUND('',#434,.T.);
#265=FACE_OUTER_BOUND('',#435,.T.);
#266=FACE_OUTER_BOUND('',#436,.T.);
#267=FACE_OUTER_BOUND('',#437,.T.);
#268=FACE_OUTER_BOUND('',#438,.T.);
#269=FACE_OUTER_BOUND('',#439,.T.);
#270=FACE_OUTER_BOUND('',#440,.T.);
#271=FACE_OUTER_BOUND('',#441,.T.);
#272=FACE_OUTER_BOUND('',#442,.T.);
#273=FACE_OUTER_BOUND('',#443,.T.);
#274=FACE_OUTER_BOUND('',#444,.T.);
#275=FACE_OUTER_BOUND('',#446,.T.);
#276=FACE_OUTER_BOUND('',#447,.T.);
#277=FACE_OUTER_BOUND('',#448,.T.);
#278=FACE_OUTER_BOUND('',#449,.T.);
#279=FACE_OUTER_BOUND('',#450,.T.);
#280=FACE_OUTER_BOUND('',#451,.T.);
#281=FACE_OUTER_BOUND('',#453,.T.);
#282=FACE_OUTER_BOUND('',#454,.T.);
#283=FACE_OUTER_BOUND('',#455,.T.);
#284=FACE_OUTER_BOUND('',#456,.T.);
#285=FACE_OUTER_BOUND('',#457,.T.);
#286=FACE_OUTER_BOUND('',#458,.T.);
#287=FACE_OUTER_BOUND('',#459,.T.);
#288=FACE_OUTER_BOUND('',#460,.T.);
#289=FACE_OUTER_BOUND('',#461,.T.);
#290=FACE_OUTER_BOUND('',#463,.T.);
#291=FACE_OUTER_BOUND('',#464,.T.);
#292=FACE_OUTER_BOUND('',#465,.T.);
#293=FACE_OUTER_BOUND('',#466,.T.);
#294=FACE_OUTER_BOUND('',#467,.T.);
#295=FACE_OUTER_BOUND('',#469,.T.);
#296=FACE_OUTER_BOUND('',#470,.T.);
#297=FACE_OUTER_BOUND('',#471,.T.);
#298=FACE_OUTER_BOUND('',#472,.T.);
#299=FACE_OUTER_BOUND('',#473,.T.);
#300=FACE_OUTER_BOUND('',#474,.T.);
#301=FACE_OUTER_BOUND('',#475,.T.);
#302=FACE_OUTER_BOUND('',#476,.T.);
#303=FACE_OUTER_BOUND('',#477,.T.);
#304=FACE_OUTER_BOUND('',#478,.T.);
#305=FACE_OUTER_BOUND('',#479,.T.);
#306=FACE_OUTER_BOUND('',#480,.T.);
#307=FACE_OUTER_BOUND('',#481,.T.);
#308=FACE_OUTER_BOUND('',#482,.T.);
#309=FACE_OUTER_BOUND('',#483,.T.);
#310=FACE_OUTER_BOUND('',#484,.T.);
#311=FACE_OUTER_BOUND('',#485,.T.);
#312=FACE_OUTER_BOUND('',#486,.T.);
#313=FACE_OUTER_BOUND('',#487,.T.);
#314=FACE_OUTER_BOUND('',#488,.T.);
#315=FACE_OUTER_BOUND('',#489,.T.);
#316=FACE_OUTER_BOUND('',#490,.T.);
#317=FACE_OUTER_BOUND('',#491,.T.);
#318=FACE_OUTER_BOUND('',#492,.T.);
#319=FACE_OUTER_BOUND('',#493,.T.);
#320=FACE_OUTER_BOUND('',#494,.T.);
#321=FACE_OUTER_BOUND('',#495,.T.);
#322=FACE_OUTER_BOUND('',#496,.T.);
#323=FACE_OUTER_BOUND('',#497,.T.);
#324=FACE_OUTER_BOUND('',#498,.T.);
#325=FACE_OUTER_BOUND('',#499,.T.);
#326=FACE_OUTER_BOUND('',#500,.T.);
#327=FACE_OUTER_BOUND('',#501,.T.);
#328=FACE_OUTER_BOUND('',#502,.T.);
#329=FACE_OUTER_BOUND('',#503,.T.);
#330=FACE_OUTER_BOUND('',#504,.T.);
#331=FACE_OUTER_BOUND('',#505,.T.);
#332=FACE_OUTER_BOUND('',#506,.T.);
#333=FACE_OUTER_BOUND('',#507,.T.);
#334=FACE_OUTER_BOUND('',#508,.T.);
#335=FACE_OUTER_BOUND('',#509,.T.);
#336=FACE_OUTER_BOUND('',#510,.T.);
#337=FACE_OUTER_BOUND('',#511,.T.);
#338=FACE_OUTER_BOUND('',#512,.T.);
#339=FACE_OUTER_BOUND('',#513,.T.);
#340=FACE_OUTER_BOUND('',#514,.T.);
#341=FACE_OUTER_BOUND('',#515,.T.);
#342=FACE_OUTER_BOUND('',#516,.T.);
#343=FACE_OUTER_BOUND('',#517,.T.);
#344=FACE_OUTER_BOUND('',#518,.T.);
#345=FACE_OUTER_BOUND('',#519,.T.);
#346=FACE_OUTER_BOUND('',#520,.T.);
#347=FACE_OUTER_BOUND('',#521,.T.);
#348=FACE_OUTER_BOUND('',#522,.T.);
#349=FACE_OUTER_BOUND('',#523,.T.);
#350=EDGE_LOOP('',(#1921,#1922,#1923,#1924));
#351=EDGE_LOOP('',(#1925,#1926,#1927,#1928));
#352=EDGE_LOOP('',(#1929,#1930,#1931,#1932));
#353=EDGE_LOOP('',(#1933,#1934,#1935,#1936));
#354=EDGE_LOOP('',(#1937,#1938,#1939,#1940));
#355=EDGE_LOOP('',(#1941,#1942,#1943,#1944));
#356=EDGE_LOOP('',(#1945,#1946,#1947,#1948));
#357=EDGE_LOOP('',(#1949,#1950,#1951,#1952));
#358=EDGE_LOOP('',(#1953,#1954,#1955,#1956));
#359=EDGE_LOOP('',(#1957,#1958,#1959,#1960));
#360=EDGE_LOOP('',(#1961,#1962,#1963,#1964));
#361=EDGE_LOOP('',(#1965,#1966,#1967,#1968));
#362=EDGE_LOOP('',(#1969,#1970,#1971,#1972));
#363=EDGE_LOOP('',(#1973,#1974,#1975,#1976,#1977,#1978,#1979,#1980));
#364=EDGE_LOOP('',(#1981,#1982,#1983,#1984,#1985,#1986,#1987,#1988,#1989,
#1990,#1991,#1992,#1993));
#365=EDGE_LOOP('',(#1994,#1995,#1996,#1997,#1998,#1999,#2000,#2001,#2002,
#2003,#2004));
#366=EDGE_LOOP('',(#2005,#2006,#2007,#2008,#2009,#2010));
#367=EDGE_LOOP('',(#2011,#2012,#2013,#2014));
#368=EDGE_LOOP('',(#2015,#2016,#2017,#2018,#2019,#2020));
#369=EDGE_LOOP('',(#2021,#2022,#2023,#2024,#2025));
#370=EDGE_LOOP('',(#2026,#2027,#2028,#2029));
#371=EDGE_LOOP('',(#2030,#2031,#2032,#2033,#2034,#2035));
#372=EDGE_LOOP('',(#2036,#2037,#2038,#2039));
#373=EDGE_LOOP('',(#2040,#2041,#2042,#2043,#2044,#2045,#2046,#2047));
#374=EDGE_LOOP('',(#2048,#2049,#2050,#2051));
#375=EDGE_LOOP('',(#2052,#2053,#2054,#2055));
#376=EDGE_LOOP('',(#2056,#2057,#2058,#2059));
#377=EDGE_LOOP('',(#2060,#2061,#2062,#2063));
#378=EDGE_LOOP('',(#2064,#2065,#2066,#2067));
#379=EDGE_LOOP('',(#2068,#2069,#2070,#2071));
#380=EDGE_LOOP('',(#2072,#2073,#2074,#2075));
#381=EDGE_LOOP('',(#2076,#2077,#2078,#2079));
#382=EDGE_LOOP('',(#2080,#2081,#2082,#2083));
#383=EDGE_LOOP('',(#2084,#2085,#2086,#2087,#2088,#2089,#2090,#2091));
#384=EDGE_LOOP('',(#2092,#2093,#2094,#2095,#2096,#2097,#2098,#2099));
#385=EDGE_LOOP('',(#2100,#2101,#2102,#2103));
#386=EDGE_LOOP('',(#2104,#2105,#2106));
#387=EDGE_LOOP('',(#2107,#2108,#2109,#2110,#2111));
#388=EDGE_LOOP('',(#2112,#2113,#2114,#2115,#2116));
#389=EDGE_LOOP('',(#2117,#2118,#2119,#2120));
#390=EDGE_LOOP('',(#2121,#2122,#2123,#2124,#2125,#2126));
#391=EDGE_LOOP('',(#2127,#2128,#2129,#2130,#2131));
#392=EDGE_LOOP('',(#2132,#2133,#2134));
#393=EDGE_LOOP('',(#2135,#2136,#2137,#2138,#2139));
#394=EDGE_LOOP('',(#2140,#2141,#2142,#2143,#2144));
#395=EDGE_LOOP('',(#2145,#2146,#2147,#2148));
#396=EDGE_LOOP('',(#2149,#2150,#2151,#2152,#2153,#2154));
#397=EDGE_LOOP('',(#2155,#2156,#2157,#2158,#2159,#2160));
#398=EDGE_LOOP('',(#2161,#2162,#2163,#2164,#2165,#2166));
#399=EDGE_LOOP('',(#2167,#2168,#2169,#2170,#2171));
#400=EDGE_LOOP('',(#2172,#2173,#2174,#2175));
#401=EDGE_LOOP('',(#2176,#2177,#2178,#2179,#2180,#2181,#2182));
#402=EDGE_LOOP('',(#2183));
#403=EDGE_LOOP('',(#2184,#2185,#2186,#2187,#2188,#2189));
#404=EDGE_LOOP('',(#2190,#2191,#2192,#2193));
#405=EDGE_LOOP('',(#2194,#2195,#2196,#2197));
#406=EDGE_LOOP('',(#2198,#2199,#2200,#2201));
#407=EDGE_LOOP('',(#2202,#2203,#2204,#2205));
#408=EDGE_LOOP('',(#2206,#2207,#2208));
#409=EDGE_LOOP('',(#2209,#2210,#2211,#2212,#2213));
#410=EDGE_LOOP('',(#2214,#2215,#2216,#2217,#2218));
#411=EDGE_LOOP('',(#2219,#2220,#2221,#2222,#2223,#2224));
#412=EDGE_LOOP('',(#2225,#2226,#2227,#2228));
#413=EDGE_LOOP('',(#2229,#2230,#2231,#2232,#2233,#2234));
#414=EDGE_LOOP('',(#2235,#2236,#2237,#2238));
#415=EDGE_LOOP('',(#2239,#2240,#2241,#2242));
#416=EDGE_LOOP('',(#2243,#2244,#2245,#2246));
#417=EDGE_LOOP('',(#2247,#2248,#2249));
#418=EDGE_LOOP('',(#2250,#2251,#2252,#2253));
#419=EDGE_LOOP('',(#2254,#2255,#2256,#2257,#2258,#2259,#2260));
#420=EDGE_LOOP('',(#2261,#2262,#2263,#2264,#2265,#2266));
#421=EDGE_LOOP('',(#2267,#2268));
#422=EDGE_LOOP('',(#2269,#2270,#2271));
#423=EDGE_LOOP('',(#2272,#2273,#2274,#2275,#2276,#2277));
#424=EDGE_LOOP('',(#2278,#2279,#2280,#2281,#2282));
#425=EDGE_LOOP('',(#2283,#2284,#2285,#2286,#2287,#2288));
#426=EDGE_LOOP('',(#2289,#2290,#2291,#2292));
#427=EDGE_LOOP('',(#2293,#2294,#2295,#2296,#2297,#2298,#2299));
#428=EDGE_LOOP('',(#2300,#2301,#2302,#2303));
#429=EDGE_LOOP('',(#2304,#2305,#2306,#2307));
#430=EDGE_LOOP('',(#2308,#2309,#2310,#2311));
#431=EDGE_LOOP('',(#2312,#2313,#2314));
#432=EDGE_LOOP('',(#2315,#2316,#2317,#2318));
#433=EDGE_LOOP('',(#2319,#2320,#2321,#2322));
#434=EDGE_LOOP('',(#2323,#2324,#2325,#2326));
#435=EDGE_LOOP('',(#2327,#2328,#2329));
#436=EDGE_LOOP('',(#2330,#2331,#2332));
#437=EDGE_LOOP('',(#2333,#2334,#2335,#2336));
#438=EDGE_LOOP('',(#2337,#2338,#2339));
#439=EDGE_LOOP('',(#2340,#2341,#2342));
#440=EDGE_LOOP('',(#2343,#2344,#2345,#2346));
#441=EDGE_LOOP('',(#2347,#2348,#2349,#2350));
#442=EDGE_LOOP('',(#2351,#2352,#2353,#2354));
#443=EDGE_LOOP('',(#2355,#2356,#2357,#2358,#2359,#2360,#2361,#2362,#2363,
#2364,#2365,#2366,#2367,#2368,#2369,#2370,#2371,#2372,#2373,#2374,#2375,
#2376,#2377,#2378,#2379,#2380,#2381,#2382,#2383));
#444=EDGE_LOOP('',(#2384,#2385,#2386,#2387,#2388,#2389,#2390,#2391));
#445=EDGE_LOOP('',(#2392,#2393,#2394,#2395,#2396,#2397,#2398,#2399));
#446=EDGE_LOOP('',(#2400,#2401,#2402,#2403));
#447=EDGE_LOOP('',(#2404,#2405,#2406,#2407));
#448=EDGE_LOOP('',(#2408,#2409,#2410,#2411));
#449=EDGE_LOOP('',(#2412,#2413,#2414,#2415,#2416,#2417,#2418,#2419,#2420,
#2421));
#450=EDGE_LOOP('',(#2422,#2423,#2424,#2425,#2426,#2427,#2428,#2429,#2430));
#451=EDGE_LOOP('',(#2431,#2432,#2433,#2434,#2435,#2436,#2437,#2438));
#452=EDGE_LOOP('',(#2439,#2440,#2441,#2442));
#453=EDGE_LOOP('',(#2443,#2444,#2445,#2446));
#454=EDGE_LOOP('',(#2447,#2448,#2449,#2450));
#455=EDGE_LOOP('',(#2451,#2452,#2453,#2454));
#456=EDGE_LOOP('',(#2455,#2456,#2457,#2458));
#457=EDGE_LOOP('',(#2459,#2460,#2461,#2462));
#458=EDGE_LOOP('',(#2463,#2464,#2465,#2466));
#459=EDGE_LOOP('',(#2467,#2468,#2469,#2470));
#460=EDGE_LOOP('',(#2471,#2472,#2473,#2474));
#461=EDGE_LOOP('',(#2475,#2476,#2477,#2478,#2479,#2480,#2481,#2482));
#462=EDGE_LOOP('',(#2483,#2484,#2485,#2486,#2487,#2488,#2489,#2490));
#463=EDGE_LOOP('',(#2491,#2492,#2493,#2494));
#464=EDGE_LOOP('',(#2495,#2496,#2497,#2498));
#465=EDGE_LOOP('',(#2499,#2500,#2501,#2502));
#466=EDGE_LOOP('',(#2503,#2504,#2505,#2506));
#467=EDGE_LOOP('',(#2507,#2508,#2509,#2510,#2511,#2512,#2513,#2514));
#468=EDGE_LOOP('',(#2515,#2516,#2517,#2518));
#469=EDGE_LOOP('',(#2519,#2520,#2521,#2522));
#470=EDGE_LOOP('',(#2523,#2524,#2525,#2526));
#471=EDGE_LOOP('',(#2527,#2528,#2529,#2530));
#472=EDGE_LOOP('',(#2531,#2532,#2533,#2534));
#473=EDGE_LOOP('',(#2535,#2536,#2537,#2538));
#474=EDGE_LOOP('',(#2539,#2540,#2541,#2542));
#475=EDGE_LOOP('',(#2543,#2544,#2545,#2546));
#476=EDGE_LOOP('',(#2547,#2548,#2549,#2550));
#477=EDGE_LOOP('',(#2551,#2552,#2553,#2554));
#478=EDGE_LOOP('',(#2555,#2556,#2557));
#479=EDGE_LOOP('',(#2558,#2559,#2560,#2561));
#480=EDGE_LOOP('',(#2562,#2563,#2564));
#481=EDGE_LOOP('',(#2565,#2566,#2567,#2568));
#482=EDGE_LOOP('',(#2569,#2570,#2571));
#483=EDGE_LOOP('',(#2572,#2573,#2574));
#484=EDGE_LOOP('',(#2575,#2576,#2577,#2578));
#485=EDGE_LOOP('',(#2579,#2580,#2581,#2582));
#486=EDGE_LOOP('',(#2583,#2584,#2585,#2586));
#487=EDGE_LOOP('',(#2587,#2588,#2589,#2590));
#488=EDGE_LOOP('',(#2591,#2592,#2593,#2594));
#489=EDGE_LOOP('',(#2595,#2596,#2597,#2598));
#490=EDGE_LOOP('',(#2599,#2600,#2601,#2602));
#491=EDGE_LOOP('',(#2603,#2604,#2605,#2606,#2607,#2608,#2609));
#492=EDGE_LOOP('',(#2610,#2611,#2612,#2613,#2614,#2615,#2616,#2617));
#493=EDGE_LOOP('',(#2618,#2619,#2620,#2621));
#494=EDGE_LOOP('',(#2622,#2623,#2624,#2625));
#495=EDGE_LOOP('',(#2626,#2627,#2628));
#496=EDGE_LOOP('',(#2629,#2630,#2631,#2632));
#497=EDGE_LOOP('',(#2633,#2634,#2635,#2636));
#498=EDGE_LOOP('',(#2637,#2638,#2639));
#499=EDGE_LOOP('',(#2640,#2641,#2642,#2643,#2644));
#500=EDGE_LOOP('',(#2645,#2646,#2647,#2648,#2649,#2650));
#501=EDGE_LOOP('',(#2651,#2652,#2653,#2654));
#502=EDGE_LOOP('',(#2655,#2656,#2657,#2658));
#503=EDGE_LOOP('',(#2659,#2660,#2661,#2662));
#504=EDGE_LOOP('',(#2663,#2664,#2665));
#505=EDGE_LOOP('',(#2666,#2667,#2668,#2669,#2670));
#506=EDGE_LOOP('',(#2671,#2672,#2673,#2674,#2675));
#507=EDGE_LOOP('',(#2676,#2677,#2678,#2679));
#508=EDGE_LOOP('',(#2680,#2681,#2682,#2683,#2684,#2685));
#509=EDGE_LOOP('',(#2686,#2687,#2688,#2689));
#510=EDGE_LOOP('',(#2690,#2691,#2692,#2693));
#511=EDGE_LOOP('',(#2694,#2695,#2696,#2697,#2698));
#512=EDGE_LOOP('',(#2699,#2700,#2701,#2702,#2703,#2704));
#513=EDGE_LOOP('',(#2705,#2706,#2707,#2708,#2709,#2710));
#514=EDGE_LOOP('',(#2711,#2712,#2713,#2714));
#515=EDGE_LOOP('',(#2715,#2716,#2717,#2718,#2719,#2720));
#516=EDGE_LOOP('',(#2721,#2722,#2723,#2724,#2725,#2726,#2727,#2728,#2729,
#2730));
#517=EDGE_LOOP('',(#2731,#2732,#2733,#2734));
#518=EDGE_LOOP('',(#2735,#2736,#2737,#2738));
#519=EDGE_LOOP('',(#2739,#2740,#2741,#2742,#2743,#2744,#2745));
#520=EDGE_LOOP('',(#2746,#2747,#2748,#2749,#2750,#2751,#2752,#2753));
#521=EDGE_LOOP('',(#2754,#2755,#2756,#2757));
#522=EDGE_LOOP('',(#2758,#2759,#2760,#2761));
#523=EDGE_LOOP('',(#2762,#2763,#2764));
#524=EDGE_LOOP('',(#2765,#2766,#2767,#2768,#2769,#2770));
#525=LINE('',#4153,#821);
#526=LINE('',#4156,#822);
#527=LINE('',#4167,#823);
#528=LINE('',#4168,#824);
#529=LINE('',#4179,#825);
#530=LINE('',#4180,#826);
#531=LINE('',#4191,#827);
#532=LINE('',#4192,#828);
#533=LINE('',#4198,#829);
#534=LINE('',#4201,#830);
#535=LINE('',#4204,#831);
#536=LINE('',#4205,#832);
#537=LINE('',#4208,#833);
#538=LINE('',#4212,#834);
#539=LINE('',#4213,#835);
#540=LINE('',#4217,#836);
#541=LINE('',#4219,#837);
#542=LINE('',#4221,#838);
#543=LINE('',#4222,#839);
#544=LINE('',#4246,#840);
#545=LINE('',#4305,#841);
#546=LINE('',#4307,#842);
#547=LINE('',#4309,#843);
#548=LINE('',#4311,#844);
#549=LINE('',#4313,#845);
#550=LINE('',#4315,#846);
#551=LINE('',#4317,#847);
#552=LINE('',#4319,#848);
#553=LINE('',#4321,#849);
#554=LINE('',#4322,#850);
#555=LINE('',#4327,#851);
#556=LINE('',#4329,#852);
#557=LINE('',#4343,#853);
#558=LINE('',#4346,#854);
#559=LINE('',#4348,#855);
#560=LINE('',#4350,#856);
#561=LINE('',#4351,#857);
#562=LINE('',#4354,#858);
#563=LINE('',#4356,#859);
#564=LINE('',#4357,#860);
#565=LINE('',#4360,#861);
#566=LINE('',#4364,#862);
#567=LINE('',#4368,#863);
#568=LINE('',#4370,#864);
#569=LINE('',#4374,#865);
#570=LINE('',#4376,#866);
#571=LINE('',#4377,#867);
#572=LINE('',#4379,#868);
#573=LINE('',#4381,#869);
#574=LINE('',#4384,#870);
#575=LINE('',#4388,#871);
#576=LINE('',#4390,#872);
#577=LINE('',#4392,#873);
#578=LINE('',#4393,#874);
#579=LINE('',#4399,#875);
#580=LINE('',#4402,#876);
#581=LINE('',#4404,#877);
#582=LINE('',#4405,#878);
#583=LINE('',#4411,#879);
#584=LINE('',#4414,#880);
#585=LINE('',#4416,#881);
#586=LINE('',#4417,#882);
#587=LINE('',#4423,#883);
#588=LINE('',#4426,#884);
#589=LINE('',#4428,#885);
#590=LINE('',#4429,#886);
#591=LINE('',#4437,#887);
#592=LINE('',#4441,#888);
#593=LINE('',#4445,#889);
#594=LINE('',#4449,#890);
#595=LINE('',#4451,#891);
#596=LINE('',#4452,#892);
#597=LINE('',#4456,#893);
#598=LINE('',#4459,#894);
#599=LINE('',#4463,#895);
#600=LINE('',#4465,#896);
#601=LINE('',#4466,#897);
#602=LINE('',#4467,#898);
#603=LINE('',#4470,#899);
#604=LINE('',#4472,#900);
#605=LINE('',#4473,#901);
#606=LINE('',#4478,#902);
#607=LINE('',#4479,#903);
#608=LINE('',#4482,#904);
#609=LINE('',#4484,#905);
#610=LINE('',#4485,#906);
#611=LINE('',#4489,#907);
#612=LINE('',#4490,#908);
#613=LINE('',#4491,#909);
#614=LINE('',#4495,#910);
#615=LINE('',#4498,#911);
#616=LINE('',#4502,#912);
#617=LINE('',#4503,#913);
#618=LINE('',#4505,#914);
#619=LINE('',#4506,#915);
#620=LINE('',#4509,#916);
#621=LINE('',#4511,#917);
#622=LINE('',#4512,#918);
#623=LINE('',#4517,#919);
#624=LINE('',#4518,#920);
#625=LINE('',#4521,#921);
#626=LINE('',#4523,#922);
#627=LINE('',#4524,#923);
#628=LINE('',#4527,#924);
#629=LINE('',#4528,#925);
#630=LINE('',#4532,#926);
#631=LINE('',#4533,#927);
#632=LINE('',#4534,#928);
#633=LINE('',#4537,#929);
#634=LINE('',#4538,#930);
#635=LINE('',#4541,#931);
#636=LINE('',#4543,#932);
#637=LINE('',#4544,#933);
#638=LINE('',#4546,#934);
#639=LINE('',#4547,#935);
#640=LINE('',#4548,#936);
#641=LINE('',#4553,#937);
#642=LINE('',#4561,#938);
#643=LINE('',#4565,#939);
#644=LINE('',#4566,#940);
#645=LINE('',#4569,#941);
#646=LINE('',#4572,#942);
#647=LINE('',#4576,#943);
#648=LINE('',#4579,#944);
#649=LINE('',#4583,#945);
#650=LINE('',#4584,#946);
#651=LINE('',#4586,#947);
#652=LINE('',#4587,#948);
#653=LINE('',#4590,#949);
#654=LINE('',#4592,#950);
#655=LINE('',#4593,#951);
#656=LINE('',#4597,#952);
#657=LINE('',#4599,#953);
#658=LINE('',#4600,#954);
#659=LINE('',#4601,#955);
#660=LINE('',#4605,#956);
#661=LINE('',#4608,#957);
#662=LINE('',#4610,#958);
#663=LINE('',#4611,#959);
#664=LINE('',#4621,#960);
#665=LINE('',#4623,#961);
#666=LINE('',#4624,#962);
#667=LINE('',#4626,#963);
#668=LINE('',#4627,#964);
#669=LINE('',#4628,#965);
#670=LINE('',#4630,#966);
#671=LINE('',#4635,#967);
#672=LINE('',#4638,#968);
#673=LINE('',#4641,#969);
#674=LINE('',#4642,#970);
#675=LINE('',#4644,#971);
#676=LINE('',#4645,#972);
#677=LINE('',#4648,#973);
#678=LINE('',#4650,#974);
#679=LINE('',#4651,#975);
#680=LINE('',#4654,#976);
#681=LINE('',#4656,#977);
#682=LINE('',#4657,#978);
#683=LINE('',#4661,#979);
#684=LINE('',#4664,#980);
#685=LINE('',#4665,#981);
#686=LINE('',#4666,#982);
#687=LINE('',#4673,#983);
#688=LINE('',#4675,#984);
#689=LINE('',#4677,#985);
#690=LINE('',#4678,#986);
#691=LINE('',#4683,#987);
#692=LINE('',#4692,#988);
#693=LINE('',#4706,#989);
#694=LINE('',#4708,#990);
#695=LINE('',#4712,#991);
#696=LINE('',#4713,#992);
#697=LINE('',#4714,#993);
#698=LINE('',#4715,#994);
#699=LINE('',#4718,#995);
#700=LINE('',#4719,#996);
#701=LINE('',#4721,#997);
#702=LINE('',#4723,#998);
#703=LINE('',#4727,#999);
#704=LINE('',#4728,#1000);
#705=LINE('',#4730,#1001);
#706=LINE('',#4731,#1002);
#707=LINE('',#4736,#1003);
#708=LINE('',#4738,#1004);
#709=LINE('',#4740,#1005);
#710=LINE('',#4741,#1006);
#711=LINE('',#4746,#1007);
#712=LINE('',#4750,#1008);
#713=LINE('',#4752,#1009);
#714=LINE('',#4753,#1010);
#715=LINE('',#4758,#1011);
#716=LINE('',#4762,#1012);
#717=LINE('',#4764,#1013);
#718=LINE('',#4765,#1014);
#719=LINE('',#4770,#1015);
#720=LINE('',#4774,#1016);
#721=LINE('',#4776,#1017);
#722=LINE('',#4777,#1018);
#723=LINE('',#4786,#1019);
#724=LINE('',#4790,#1020);
#725=LINE('',#4794,#1021);
#726=LINE('',#4797,#1022);
#727=LINE('',#4800,#1023);
#728=LINE('',#4802,#1024);
#729=LINE('',#4803,#1025);
#730=LINE('',#4806,#1026);
#731=LINE('',#4810,#1027);
#732=LINE('',#4811,#1028);
#733=LINE('',#4814,#1029);
#734=LINE('',#4819,#1030);
#735=LINE('',#4821,#1031);
#736=LINE('',#4823,#1032);
#737=LINE('',#4824,#1033);
#738=LINE('',#4827,#1034);
#739=LINE('',#4829,#1035);
#740=LINE('',#4830,#1036);
#741=LINE('',#4833,#1037);
#742=LINE('',#4834,#1038);
#743=LINE('',#4837,#1039);
#744=LINE('',#4840,#1040);
#745=LINE('',#4843,#1041);
#746=LINE('',#4844,#1042);
#747=LINE('',#4849,#1043);
#748=LINE('',#4850,#1044);
#749=LINE('',#4852,#1045);
#750=LINE('',#4858,#1046);
#751=LINE('',#4863,#1047);
#752=LINE('',#4869,#1048);
#753=LINE('',#4873,#1049);
#754=LINE('',#4875,#1050);
#755=LINE('',#4884,#1051);
#756=LINE('',#4886,#1052);
#757=LINE('',#4888,#1053);
#758=LINE('',#4889,#1054);
#759=LINE('',#4893,#1055);
#760=LINE('',#4895,#1056);
#761=LINE('',#4897,#1057);
#762=LINE('',#4898,#1058);
#763=LINE('',#4900,#1059);
#764=LINE('',#4901,#1060);
#765=LINE('',#4903,#1061);
#766=LINE('',#4906,#1062);
#767=LINE('',#4908,#1063);
#768=LINE('',#4911,#1064);
#769=LINE('',#4914,#1065);
#770=LINE('',#4916,#1066);
#771=LINE('',#4917,#1067);
#772=LINE('',#4920,#1068);
#773=LINE('',#4921,#1069);
#774=LINE('',#4931,#1070);
#775=LINE('',#4934,#1071);
#776=LINE('',#4939,#1072);
#777=LINE('',#4942,#1073);
#778=LINE('',#4971,#1074);
#779=LINE('',#4973,#1075);
#780=LINE('',#4974,#1076);
#781=LINE('',#4977,#1077);
#782=LINE('',#4978,#1078);
#783=LINE('',#4984,#1079);
#784=LINE('',#4987,#1080);
#785=LINE('',#4992,#1081);
#786=LINE('',#4995,#1082);
#787=LINE('',#5024,#1083);
#788=LINE('',#5028,#1084);
#789=LINE('',#5032,#1085);
#790=LINE('',#5033,#1086);
#791=LINE('',#5036,#1087);
#792=LINE('',#5037,#1088);
#793=LINE('',#5039,#1089);
#794=LINE('',#5040,#1090);
#795=LINE('',#5042,#1091);
#796=LINE('',#5047,#1092);
#797=LINE('',#5050,#1093);
#798=LINE('',#5051,#1094);
#799=LINE('',#5054,#1095);
#800=LINE('',#5056,#1096);
#801=LINE('',#5058,#1097);
#802=LINE('',#5060,#1098);
#803=LINE('',#5061,#1099);
#804=LINE('',#5064,#1100);
#805=LINE('',#5065,#1101);
#806=LINE('',#5068,#1102);
#807=LINE('',#5070,#1103);
#808=LINE('',#5072,#1104);
#809=LINE('',#5073,#1105);
#810=LINE('',#5075,#1106);
#811=LINE('',#5076,#1107);
#812=LINE('',#5079,#1108);
#813=LINE('',#5082,#1109);
#814=LINE('',#5084,#1110);
#815=LINE('',#5087,#1111);
#816=LINE('',#5090,#1112);
#817=LINE('',#5092,#1113);
#818=LINE('',#5093,#1114);
#819=LINE('',#5096,#1115);
#820=LINE('',#5097,#1116);
#821=VECTOR('',#3286,10.);
#822=VECTOR('',#3289,10.);
#823=VECTOR('',#3302,10.);
#824=VECTOR('',#3303,10.);
#825=VECTOR('',#3316,10.);
#826=VECTOR('',#3317,10.);
#827=VECTOR('',#3330,10.);
#828=VECTOR('',#3331,10.);
#829=VECTOR('',#3340,10.);
#830=VECTOR('',#3343,10.);
#831=VECTOR('',#3346,10.);
#832=VECTOR('',#3347,10.);
#833=VECTOR('',#3350,10.);
#834=VECTOR('',#3355,10.);
#835=VECTOR('',#3356,10.);
#836=VECTOR('',#3359,10.);
#837=VECTOR('',#3360,10.);
#838=VECTOR('',#3361,10.);
#839=VECTOR('',#3362,10.);
#840=VECTOR('',#3369,10.);
#841=VECTOR('',#3374,10.);
#842=VECTOR('',#3375,10.);
#843=VECTOR('',#3376,10.);
#844=VECTOR('',#3377,10.);
#845=VECTOR('',#3378,10.);
#846=VECTOR('',#3379,10.);
#847=VECTOR('',#3380,10.);
#848=VECTOR('',#3381,10.);
#849=VECTOR('',#3382,10.);
#850=VECTOR('',#3383,10.);
#851=VECTOR('',#3388,10.);
#852=VECTOR('',#3389,10.);
#853=VECTOR('',#3394,10.);
#854=VECTOR('',#3397,10.);
#855=VECTOR('',#3398,10.);
#856=VECTOR('',#3399,10.);
#857=VECTOR('',#3400,10.);
#858=VECTOR('',#3403,10.);
#859=VECTOR('',#3404,10.);
#860=VECTOR('',#3405,10.);
#861=VECTOR('',#3408,10.);
#862=VECTOR('',#3413,10.);
#863=VECTOR('',#3416,10.);
#864=VECTOR('',#3417,10.);
#865=VECTOR('',#3422,10.);
#866=VECTOR('',#3423,10.);
#867=VECTOR('',#3424,10.);
#868=VECTOR('',#3427,10.);
#869=VECTOR('',#3428,10.);
#870=VECTOR('',#3433,10.);
#871=VECTOR('',#3436,10.);
#872=VECTOR('',#3437,10.);
#873=VECTOR('',#3438,10.);
#874=VECTOR('',#3439,10.);
#875=VECTOR('',#3446,10.);
#876=VECTOR('',#3449,10.);
#877=VECTOR('',#3450,10.);
#878=VECTOR('',#3451,10.);
#879=VECTOR('',#3458,10.);
#880=VECTOR('',#3461,10.);
#881=VECTOR('',#3462,10.);
#882=VECTOR('',#3463,10.);
#883=VECTOR('',#3470,10.);
#884=VECTOR('',#3473,10.);
#885=VECTOR('',#3474,10.);
#886=VECTOR('',#3475,10.);
#887=VECTOR('',#3486,10.);
#888=VECTOR('',#3489,10.);
#889=VECTOR('',#3492,10.);
#890=VECTOR('',#3497,10.);
#891=VECTOR('',#3498,10.);
#892=VECTOR('',#3499,10.);
#893=VECTOR('',#3502,10.);
#894=VECTOR('',#3505,10.);
#895=VECTOR('',#3508,10.);
#896=VECTOR('',#3509,10.);
#897=VECTOR('',#3510,10.);
#898=VECTOR('',#3511,10.);
#899=VECTOR('',#3514,10.);
#900=VECTOR('',#3515,10.);
#901=VECTOR('',#3516,10.);
#902=VECTOR('',#3521,10.);
#903=VECTOR('',#3522,10.);
#904=VECTOR('',#3525,10.);
#905=VECTOR('',#3526,10.);
#906=VECTOR('',#3527,10.);
#907=VECTOR('',#3530,10.);
#908=VECTOR('',#3531,10.);
#909=VECTOR('',#3532,10.);
#910=VECTOR('',#3535,10.);
#911=VECTOR('',#3538,10.);
#912=VECTOR('',#3541,10.);
#913=VECTOR('',#3542,10.);
#914=VECTOR('',#3543,10.);
#915=VECTOR('',#3544,10.);
#916=VECTOR('',#3547,10.);
#917=VECTOR('',#3548,10.);
#918=VECTOR('',#3549,10.);
#919=VECTOR('',#3554,10.);
#920=VECTOR('',#3555,10.);
#921=VECTOR('',#3558,10.);
#922=VECTOR('',#3559,10.);
#923=VECTOR('',#3560,10.);
#924=VECTOR('',#3563,10.);
#925=VECTOR('',#3564,10.);
#926=VECTOR('',#3567,10.);
#927=VECTOR('',#3568,10.);
#928=VECTOR('',#3569,10.);
#929=VECTOR('',#3572,10.);
#930=VECTOR('',#3573,10.);
#931=VECTOR('',#3576,10.);
#932=VECTOR('',#3577,10.);
#933=VECTOR('',#3578,10.);
#934=VECTOR('',#3581,10.);
#935=VECTOR('',#3582,10.);
#936=VECTOR('',#3583,10.);
#937=VECTOR('',#3588,3.72563616329244);
#938=VECTOR('',#3597,10.);
#939=VECTOR('',#3602,10.);
#940=VECTOR('',#3603,10.);
#941=VECTOR('',#3606,10.);
#942=VECTOR('',#3611,10.);
#943=VECTOR('',#3614,10.);
#944=VECTOR('',#3617,10.);
#945=VECTOR('',#3620,10.);
#946=VECTOR('',#3621,10.);
#947=VECTOR('',#3622,10.);
#948=VECTOR('',#3623,10.);
#949=VECTOR('',#3626,10.);
#950=VECTOR('',#3627,10.);
#951=VECTOR('',#3628,10.);
#952=VECTOR('',#3631,10.);
#953=VECTOR('',#3632,10.);
#954=VECTOR('',#3633,10.);
#955=VECTOR('',#3634,10.);
#956=VECTOR('',#3639,10.);
#957=VECTOR('',#3642,10.);
#958=VECTOR('',#3643,10.);
#959=VECTOR('',#3644,10.);
#960=VECTOR('',#3661,10.);
#961=VECTOR('',#3662,10.);
#962=VECTOR('',#3663,10.);
#963=VECTOR('',#3666,10.);
#964=VECTOR('',#3667,10.);
#965=VECTOR('',#3668,10.);
#966=VECTOR('',#3671,10.);
#967=VECTOR('',#3676,10.);
#968=VECTOR('',#3679,10.);
#969=VECTOR('',#3682,10.);
#970=VECTOR('',#3683,10.);
#971=VECTOR('',#3684,10.);
#972=VECTOR('',#3685,10.);
#973=VECTOR('',#3688,10.);
#974=VECTOR('',#3689,10.);
#975=VECTOR('',#3690,10.);
#976=VECTOR('',#3693,10.);
#977=VECTOR('',#3694,10.);
#978=VECTOR('',#3695,10.);
#979=VECTOR('',#3700,10.);
#980=VECTOR('',#3703,10.);
#981=VECTOR('',#3704,10.);
#982=VECTOR('',#3705,10.);
#983=VECTOR('',#3714,10.);
#984=VECTOR('',#3715,10.);
#985=VECTOR('',#3716,10.);
#986=VECTOR('',#3717,10.);
#987=VECTOR('',#3722,10.);
#988=VECTOR('',#3735,10.);
#989=VECTOR('',#3762,10.);
#990=VECTOR('',#3765,10.);
#991=VECTOR('',#3770,10.);
#992=VECTOR('',#3771,10.);
#993=VECTOR('',#3772,10.);
#994=VECTOR('',#3773,10.);
#995=VECTOR('',#3776,10.);
#996=VECTOR('',#3777,10.);
#997=VECTOR('',#3780,10.);
#998=VECTOR('',#3783,10.);
#999=VECTOR('',#3788,10.);
#1000=VECTOR('',#3789,10.);
#1001=VECTOR('',#3792,10.);
#1002=VECTOR('',#3793,10.);
#1003=VECTOR('',#3798,10.);
#1004=VECTOR('',#3799,10.);
#1005=VECTOR('',#3800,10.);
#1006=VECTOR('',#3801,10.);
#1007=VECTOR('',#3806,10.);
#1008=VECTOR('',#3811,10.);
#1009=VECTOR('',#3812,10.);
#1010=VECTOR('',#3813,10.);
#1011=VECTOR('',#3818,10.);
#1012=VECTOR('',#3823,10.);
#1013=VECTOR('',#3824,10.);
#1014=VECTOR('',#3825,10.);
#1015=VECTOR('',#3830,10.);
#1016=VECTOR('',#3835,10.);
#1017=VECTOR('',#3836,10.);
#1018=VECTOR('',#3837,10.);
#1019=VECTOR('',#3848,10.);
#1020=VECTOR('',#3851,10.);
#1021=VECTOR('',#3854,10.);
#1022=VECTOR('',#3857,10.);
#1023=VECTOR('',#3860,10.);
#1024=VECTOR('',#3861,10.);
#1025=VECTOR('',#3862,10.);
#1026=VECTOR('',#3865,10.);
#1027=VECTOR('',#3870,10.);
#1028=VECTOR('',#3871,10.);
#1029=VECTOR('',#3874,10.);
#1030=VECTOR('',#3879,10.);
#1031=VECTOR('',#3880,10.);
#1032=VECTOR('',#3881,10.);
#1033=VECTOR('',#3882,10.);
#1034=VECTOR('',#3885,10.);
#1035=VECTOR('',#3886,10.);
#1036=VECTOR('',#3887,10.);
#1037=VECTOR('',#3890,10.);
#1038=VECTOR('',#3891,10.);
#1039=VECTOR('',#3894,10.);
#1040=VECTOR('',#3897,10.);
#1041=VECTOR('',#3900,10.);
#1042=VECTOR('',#3901,10.);
#1043=VECTOR('',#3908,10.);
#1044=VECTOR('',#3909,10.);
#1045=VECTOR('',#3912,10.);
#1046=VECTOR('',#3919,10.);
#1047=VECTOR('',#3926,10.);
#1048=VECTOR('',#3935,10.);
#1049=VECTOR('',#3942,10.);
#1050=VECTOR('',#3945,10.);
#1051=VECTOR('',#3958,10.);
#1052=VECTOR('',#3959,10.);
#1053=VECTOR('',#3960,10.);
#1054=VECTOR('',#3961,10.);
#1055=VECTOR('',#3964,10.);
#1056=VECTOR('',#3965,10.);
#1057=VECTOR('',#3966,10.);
#1058=VECTOR('',#3967,10.);
#1059=VECTOR('',#3970,10.);
#1060=VECTOR('',#3971,10.);
#1061=VECTOR('',#3974,10.);
#1062=VECTOR('',#3977,10.);
#1063=VECTOR('',#3978,10.);
#1064=VECTOR('',#3981,10.);
#1065=VECTOR('',#3984,10.);
#1066=VECTOR('',#3985,10.);
#1067=VECTOR('',#3986,10.);
#1068=VECTOR('',#3989,10.);
#1069=VECTOR('',#3990,10.);
#1070=VECTOR('',#4003,10.);
#1071=VECTOR('',#4006,10.);
#1072=VECTOR('',#4011,10.);
#1073=VECTOR('',#4014,10.);
#1074=VECTOR('',#4027,10.);
#1075=VECTOR('',#4028,10.);
#1076=VECTOR('',#4029,10.);
#1077=VECTOR('',#4032,10.);
#1078=VECTOR('',#4033,10.);
#1079=VECTOR('',#4038,10.);
#1080=VECTOR('',#4041,10.);
#1081=VECTOR('',#4046,10.);
#1082=VECTOR('',#4049,10.);
#1083=VECTOR('',#4062,10.);
#1084=VECTOR('',#4065,10.);
#1085=VECTOR('',#4070,10.);
#1086=VECTOR('',#4071,10.);
#1087=VECTOR('',#4074,10.);
#1088=VECTOR('',#4075,10.);
#1089=VECTOR('',#4078,10.);
#1090=VECTOR('',#4079,10.);
#1091=VECTOR('',#4082,10.);
#1092=VECTOR('',#4087,10.);
#1093=VECTOR('',#4092,10.);
#1094=VECTOR('',#4093,10.);
#1095=VECTOR('',#4096,10.);
#1096=VECTOR('',#4097,10.);
#1097=VECTOR('',#4098,10.);
#1098=VECTOR('',#4099,10.);
#1099=VECTOR('',#4100,10.);
#1100=VECTOR('',#4103,10.);
#1101=VECTOR('',#4104,10.);
#1102=VECTOR('',#4107,10.);
#1103=VECTOR('',#4108,10.);
#1104=VECTOR('',#4109,10.);
#1105=VECTOR('',#4110,10.);
#1106=VECTOR('',#4113,10.);
#1107=VECTOR('',#4114,10.);
#1108=VECTOR('',#4119,10.);
#1109=VECTOR('',#4122,10.);
#1110=VECTOR('',#4123,10.);
#1111=VECTOR('',#4126,10.);
#1112=VECTOR('',#4129,10.);
#1113=VECTOR('',#4130,10.);
#1114=VECTOR('',#4131,10.);
#1115=VECTOR('',#4134,10.);
#1116=VECTOR('',#4135,10.);
#1117=CIRCLE('',#2995,0.499999999999998);
#1118=CIRCLE('',#2996,0.499999999999998);
#1119=CIRCLE('',#2998,0.5);
#1120=CIRCLE('',#2999,1.75);
#1121=CIRCLE('',#3000,1.25);
#1122=CIRCLE('',#3002,0.499999999999999);
#1123=CIRCLE('',#3004,0.5);
#1124=CIRCLE('',#3005,1.75);
#1125=CIRCLE('',#3006,1.25);
#1126=CIRCLE('',#3008,0.500000000000007);
#1127=CIRCLE('',#3010,0.5);
#1128=CIRCLE('',#3011,1.75);
#1129=CIRCLE('',#3012,1.25);
#1130=CIRCLE('',#3014,0.5);
#1131=CIRCLE('',#3016,1.75);
#1132=CIRCLE('',#3017,1.25);
#1133=CIRCLE('',#3019,1.25);
#1134=CIRCLE('',#3022,1.25);
#1135=CIRCLE('',#3026,32.95);
#1136=CIRCLE('',#3027,34.6820508075689);
#1137=CIRCLE('',#3028,34.6820508075689);
#1138=CIRCLE('',#3032,33.5);
#1139=CIRCLE('',#3037,31.95);
#1140=CIRCLE('',#3039,31.95);
#1141=CIRCLE('',#3040,31.95);
#1142=CIRCLE('',#3043,31.95);
#1143=CIRCLE('',#3047,0.520000000001337);
#1144=CIRCLE('',#3048,0.520000000001337);
#1145=CIRCLE('',#3051,0.520000000001335);
#1146=CIRCLE('',#3052,0.520000000001335);
#1147=CIRCLE('',#3055,0.520000000001336);
#1148=CIRCLE('',#3056,0.520000000001336);
#1149=CIRCLE('',#3059,0.52000000000133);
#1150=CIRCLE('',#3060,0.52000000000133);
#1151=CIRCLE('',#3062,1.5);
#1152=CIRCLE('',#3063,1.5);
#1153=CIRCLE('',#3064,1.5);
#1154=CIRCLE('',#3065,1.5);
#1155=CIRCLE('',#3068,1.87504410710161);
#1156=CIRCLE('',#3072,1.87504410710161);
#1157=CIRCLE('',#3076,1.87504410710161);
#1158=CIRCLE('',#3080,1.87504410710161);
#1159=CIRCLE('',#3087,3.72563616329244);
#1160=CIRCLE('',#3089,3.72563616329244);
#1161=CIRCLE('',#3090,3.72563616329244);
#1162=CIRCLE('',#3091,3.72563616329244);
#1163=CIRCLE('',#3093,1.25);
#1164=CIRCLE('',#3096,1.25);
#1165=CIRCLE('',#3099,1.87504410710161);
#1166=CIRCLE('',#3104,1.87504410710161);
#1167=CIRCLE('',#3107,2.90504410710161);
#1168=CIRCLE('',#3108,2.90504410710161);
#1169=CIRCLE('',#3111,33.5);
#1170=CIRCLE('',#3118,1.87504410710161);
#1171=CIRCLE('',#3123,1.87504410710161);
#1172=CIRCLE('',#3126,2.90504410710161);
#1173=CIRCLE('',#3130,1.5);
#1174=CIRCLE('',#3131,1.5);
#1175=CIRCLE('',#3133,1.5);
#1176=CIRCLE('',#3134,1.5);
#1177=CIRCLE('',#3136,1.5);
#1178=CIRCLE('',#3137,1.5);
#1179=CIRCLE('',#3139,1.49999999999999);
#1180=CIRCLE('',#3141,1.5);
#1181=CIRCLE('',#3143,1.5);
#1182=CIRCLE('',#3144,1.5);
#1183=CIRCLE('',#3146,1.5);
#1184=CIRCLE('',#3148,1.5);
#1185=CIRCLE('',#3162,0.5);
#1186=CIRCLE('',#3163,0.5);
#1187=CIRCLE('',#3166,0.499999999999998);
#1188=CIRCLE('',#3167,0.499999999999998);
#1189=CIRCLE('',#3170,0.499999999999998);
#1190=CIRCLE('',#3171,0.499999999999998);
#1191=CIRCLE('',#3174,0.499999999999998);
#1192=CIRCLE('',#3175,0.499999999999998);
#1193=CIRCLE('',#3177,1.5);
#1194=CIRCLE('',#3178,1.5);
#1195=CIRCLE('',#3179,1.5);
#1196=CIRCLE('',#3180,1.5);
#1197=CIRCLE('',#3183,1.5);
#1198=CIRCLE('',#3186,1.5);
#1199=CIRCLE('',#3191,1.5);
#1200=CIRCLE('',#3194,1.5);
#1201=CIRCLE('',#3198,1.5);
#1202=CIRCLE('',#3199,1.5);
#1203=CIRCLE('',#3201,1.5);
#1204=CIRCLE('',#3202,1.5);
#1205=CIRCLE('',#3205,1.5);
#1206=CIRCLE('',#3206,1.5);
#1207=CIRCLE('',#3209,1.5);
#1208=CIRCLE('',#3210,1.5);
#1209=CIRCLE('',#3221,31.9);
#1210=CIRCLE('',#3225,31.9);
#1211=CIRCLE('',#3229,0.499999999999998);
#1212=CIRCLE('',#3230,0.5);
#1213=CIRCLE('',#3232,0.5);
#1214=CIRCLE('',#3233,0.5);
#1215=CIRCLE('',#3235,0.5);
#1216=CIRCLE('',#3237,1.2);
#1217=CIRCLE('',#3238,0.699999999999998);
#1218=CIRCLE('',#3242,0.5);
#1219=CIRCLE('',#3243,0.5);
#1220=CIRCLE('',#3245,0.5);
#1221=CIRCLE('',#3246,0.5);
#1222=CIRCLE('',#3248,0.5);
#1223=CIRCLE('',#3250,0.699999999999998);
#1224=CIRCLE('',#3251,1.2);
#1225=CIRCLE('',#3253,0.7);
#1226=CIRCLE('',#3261,0.7);
#1227=CIRCLE('',#3270,31.9);
#1228=CIRCLE('',#3274,31.9);
#1229=VERTEX_POINT('',#4149);
#1230=VERTEX_POINT('',#4150);
#1231=VERTEX_POINT('',#4152);
#1232=VERTEX_POINT('',#4154);
#1233=VERTEX_POINT('',#4158);
#1234=VERTEX_POINT('',#4159);
#1235=VERTEX_POINT('',#4164);
#1236=VERTEX_POINT('',#4165);
#1237=VERTEX_POINT('',#4170);
#1238=VERTEX_POINT('',#4171);
#1239=VERTEX_POINT('',#4176);
#1240=VERTEX_POINT('',#4177);
#1241=VERTEX_POINT('',#4182);
#1242=VERTEX_POINT('',#4183);
#1243=VERTEX_POINT('',#4188);
#1244=VERTEX_POINT('',#4189);
#1245=VERTEX_POINT('',#4197);
#1246=VERTEX_POINT('',#4199);
#1247=VERTEX_POINT('',#4203);
#1248=VERTEX_POINT('',#4207);
#1249=VERTEX_POINT('',#4211);
#1250=VERTEX_POINT('',#4215);
#1251=VERTEX_POINT('',#4216);
#1252=VERTEX_POINT('',#4218);
#1253=VERTEX_POINT('',#4220);
#1254=VERTEX_POINT('',#4224);
#1255=VERTEX_POINT('',#4225);
#1256=VERTEX_POINT('',#4232);
#1257=VERTEX_POINT('',#4234);
#1258=VERTEX_POINT('',#4243);
#1259=VERTEX_POINT('',#4245);
#1260=VERTEX_POINT('',#4247);
#1261=VERTEX_POINT('',#4252);
#1262=VERTEX_POINT('',#4269);
#1263=VERTEX_POINT('',#4274);
#1264=VERTEX_POINT('',#4276);
#1265=VERTEX_POINT('',#4281);
#1266=VERTEX_POINT('',#4289);
#1267=VERTEX_POINT('',#4304);
#1268=VERTEX_POINT('',#4306);
#1269=VERTEX_POINT('',#4308);
#1270=VERTEX_POINT('',#4310);
#1271=VERTEX_POINT('',#4312);
#1272=VERTEX_POINT('',#4314);
#1273=VERTEX_POINT('',#4316);
#1274=VERTEX_POINT('',#4318);
#1275=VERTEX_POINT('',#4320);
#1276=VERTEX_POINT('',#4324);
#1277=VERTEX_POINT('',#4326);
#1278=VERTEX_POINT('',#4328);
#1279=VERTEX_POINT('',#4341);
#1280=VERTEX_POINT('',#4345);
#1281=VERTEX_POINT('',#4347);
#1282=VERTEX_POINT('',#4349);
#1283=VERTEX_POINT('',#4353);
#1284=VERTEX_POINT('',#4355);
#1285=VERTEX_POINT('',#4359);
#1286=VERTEX_POINT('',#4363);
#1287=VERTEX_POINT('',#4365);
#1288=VERTEX_POINT('',#4367);
#1289=VERTEX_POINT('',#4369);
#1290=VERTEX_POINT('',#4373);
#1291=VERTEX_POINT('',#4375);
#1292=VERTEX_POINT('',#4380);
#1293=VERTEX_POINT('',#4386);
#1294=VERTEX_POINT('',#4387);
#1295=VERTEX_POINT('',#4389);
#1296=VERTEX_POINT('',#4391);
#1297=VERTEX_POINT('',#4395);
#1298=VERTEX_POINT('',#4397);
#1299=VERTEX_POINT('',#4401);
#1300=VERTEX_POINT('',#4403);
#1301=VERTEX_POINT('',#4407);
#1302=VERTEX_POINT('',#4409);
#1303=VERTEX_POINT('',#4413);
#1304=VERTEX_POINT('',#4415);
#1305=VERTEX_POINT('',#4419);
#1306=VERTEX_POINT('',#4421);
#1307=VERTEX_POINT('',#4425);
#1308=VERTEX_POINT('',#4427);
#1309=VERTEX_POINT('',#4434);
#1310=VERTEX_POINT('',#4436);
#1311=VERTEX_POINT('',#4438);
#1312=VERTEX_POINT('',#4440);
#1313=VERTEX_POINT('',#4442);
#1314=VERTEX_POINT('',#4444);
#1315=VERTEX_POINT('',#4448);
#1316=VERTEX_POINT('',#4450);
#1317=VERTEX_POINT('',#4454);
#1318=VERTEX_POINT('',#4455);
#1319=VERTEX_POINT('',#4457);
#1320=VERTEX_POINT('',#4461);
#1321=VERTEX_POINT('',#4462);
#1322=VERTEX_POINT('',#4464);
#1323=VERTEX_POINT('',#4469);
#1324=VERTEX_POINT('',#4471);
#1325=VERTEX_POINT('',#4475);
#1326=VERTEX_POINT('',#4476);
#1327=VERTEX_POINT('',#4481);
#1328=VERTEX_POINT('',#4483);
#1329=VERTEX_POINT('',#4487);
#1330=VERTEX_POINT('',#4488);
#1331=VERTEX_POINT('',#4493);
#1332=VERTEX_POINT('',#4494);
#1333=VERTEX_POINT('',#4496);
#1334=VERTEX_POINT('',#4500);
#1335=VERTEX_POINT('',#4501);
#1336=VERTEX_POINT('',#4504);
#1337=VERTEX_POINT('',#4508);
#1338=VERTEX_POINT('',#4510);
#1339=VERTEX_POINT('',#4514);
#1340=VERTEX_POINT('',#4515);
#1341=VERTEX_POINT('',#4520);
#1342=VERTEX_POINT('',#4522);
#1343=VERTEX_POINT('',#4526);
#1344=VERTEX_POINT('',#4530);
#1345=VERTEX_POINT('',#4531);
#1346=VERTEX_POINT('',#4536);
#1347=VERTEX_POINT('',#4540);
#1348=VERTEX_POINT('',#4542);
#1349=VERTEX_POINT('',#4549);
#1350=VERTEX_POINT('',#4552);
#1351=VERTEX_POINT('',#4554);
#1352=VERTEX_POINT('',#4556);
#1353=VERTEX_POINT('',#4560);
#1354=VERTEX_POINT('',#4564);
#1355=VERTEX_POINT('',#4568);
#1356=VERTEX_POINT('',#4574);
#1357=VERTEX_POINT('',#4575);
#1358=VERTEX_POINT('',#4577);
#1359=VERTEX_POINT('',#4581);
#1360=VERTEX_POINT('',#4582);
#1361=VERTEX_POINT('',#4585);
#1362=VERTEX_POINT('',#4589);
#1363=VERTEX_POINT('',#4591);
#1364=VERTEX_POINT('',#4595);
#1365=VERTEX_POINT('',#4596);
#1366=VERTEX_POINT('',#4598);
#1367=VERTEX_POINT('',#4603);
#1368=VERTEX_POINT('',#4607);
#1369=VERTEX_POINT('',#4609);
#1370=VERTEX_POINT('',#4620);
#1371=VERTEX_POINT('',#4622);
#1372=VERTEX_POINT('',#4633);
#1373=VERTEX_POINT('',#4634);
#1374=VERTEX_POINT('',#4636);
#1375=VERTEX_POINT('',#4640);
#1376=VERTEX_POINT('',#4643);
#1377=VERTEX_POINT('',#4647);
#1378=VERTEX_POINT('',#4649);
#1379=VERTEX_POINT('',#4653);
#1380=VERTEX_POINT('',#4655);
#1381=VERTEX_POINT('',#4659);
#1382=VERTEX_POINT('',#4663);
#1383=VERTEX_POINT('',#4671);
#1384=VERTEX_POINT('',#4672);
#1385=VERTEX_POINT('',#4674);
#1386=VERTEX_POINT('',#4676);
#1387=VERTEX_POINT('',#4680);
#1388=VERTEX_POINT('',#4682);
#1389=VERTEX_POINT('',#4689);
#1390=VERTEX_POINT('',#4691);
#1391=VERTEX_POINT('',#4711);
#1392=VERTEX_POINT('',#4717);
#1393=VERTEX_POINT('',#4726);
#1394=VERTEX_POINT('',#4734);
#1395=VERTEX_POINT('',#4735);
#1396=VERTEX_POINT('',#4737);
#1397=VERTEX_POINT('',#4739);
#1398=VERTEX_POINT('',#4743);
#1399=VERTEX_POINT('',#4745);
#1400=VERTEX_POINT('',#4749);
#1401=VERTEX_POINT('',#4751);
#1402=VERTEX_POINT('',#4755);
#1403=VERTEX_POINT('',#4757);
#1404=VERTEX_POINT('',#4761);
#1405=VERTEX_POINT('',#4763);
#1406=VERTEX_POINT('',#4767);
#1407=VERTEX_POINT('',#4769);
#1408=VERTEX_POINT('',#4773);
#1409=VERTEX_POINT('',#4775);
#1410=VERTEX_POINT('',#4782);
#1411=VERTEX_POINT('',#4783);
#1412=VERTEX_POINT('',#4785);
#1413=VERTEX_POINT('',#4787);
#1414=VERTEX_POINT('',#4789);
#1415=VERTEX_POINT('',#4791);
#1416=VERTEX_POINT('',#4793);
#1417=VERTEX_POINT('',#4795);
#1418=VERTEX_POINT('',#4799);
#1419=VERTEX_POINT('',#4801);
#1420=VERTEX_POINT('',#4805);
#1421=VERTEX_POINT('',#4809);
#1422=VERTEX_POINT('',#4813);
#1423=VERTEX_POINT('',#4817);
#1424=VERTEX_POINT('',#4818);
#1425=VERTEX_POINT('',#4820);
#1426=VERTEX_POINT('',#4822);
#1427=VERTEX_POINT('',#4826);
#1428=VERTEX_POINT('',#4828);
#1429=VERTEX_POINT('',#4832);
#1430=VERTEX_POINT('',#4836);
#1431=VERTEX_POINT('',#4838);
#1432=VERTEX_POINT('',#4842);
#1433=VERTEX_POINT('',#4848);
#1434=VERTEX_POINT('',#4854);
#1435=VERTEX_POINT('',#4856);
#1436=VERTEX_POINT('',#4860);
#1437=VERTEX_POINT('',#4866);
#1438=VERTEX_POINT('',#4882);
#1439=VERTEX_POINT('',#4883);
#1440=VERTEX_POINT('',#4885);
#1441=VERTEX_POINT('',#4887);
#1442=VERTEX_POINT('',#4891);
#1443=VERTEX_POINT('',#4892);
#1444=VERTEX_POINT('',#4894);
#1445=VERTEX_POINT('',#4896);
#1446=VERTEX_POINT('',#4905);
#1447=VERTEX_POINT('',#4907);
#1448=VERTEX_POINT('',#4909);
#1449=VERTEX_POINT('',#4913);
#1450=VERTEX_POINT('',#4915);
#1451=VERTEX_POINT('',#4919);
#1452=VERTEX_POINT('',#4927);
#1453=VERTEX_POINT('',#4928);
#1454=VERTEX_POINT('',#4930);
#1455=VERTEX_POINT('',#4932);
#1456=VERTEX_POINT('',#4936);
#1457=VERTEX_POINT('',#4937);
#1458=VERTEX_POINT('',#4940);
#1459=VERTEX_POINT('',#4946);
#1460=VERTEX_POINT('',#4947);
#1461=VERTEX_POINT('',#4953);
#1462=VERTEX_POINT('',#4970);
#1463=VERTEX_POINT('',#4972);
#1464=VERTEX_POINT('',#4976);
#1465=VERTEX_POINT('',#4980);
#1466=VERTEX_POINT('',#4981);
#1467=VERTEX_POINT('',#4983);
#1468=VERTEX_POINT('',#4985);
#1469=VERTEX_POINT('',#4989);
#1470=VERTEX_POINT('',#4991);
#1471=VERTEX_POINT('',#4993);
#1472=VERTEX_POINT('',#4999);
#1473=VERTEX_POINT('',#5000);
#1474=VERTEX_POINT('',#5016);
#1475=VERTEX_POINT('',#5023);
#1476=VERTEX_POINT('',#5025);
#1477=VERTEX_POINT('',#5027);
#1478=VERTEX_POINT('',#5031);
#1479=VERTEX_POINT('',#5035);
#1480=VERTEX_POINT('',#5044);
#1481=VERTEX_POINT('',#5046);
#1482=VERTEX_POINT('',#5053);
#1483=VERTEX_POINT('',#5055);
#1484=VERTEX_POINT('',#5057);
#1485=VERTEX_POINT('',#5059);
#1486=VERTEX_POINT('',#5063);
#1487=VERTEX_POINT('',#5067);
#1488=VERTEX_POINT('',#5069);
#1489=VERTEX_POINT('',#5071);
#1490=VERTEX_POINT('',#5081);
#1491=VERTEX_POINT('',#5083);
#1492=VERTEX_POINT('',#5085);
#1493=VERTEX_POINT('',#5089);
#1494=VERTEX_POINT('',#5091);
#1495=VERTEX_POINT('',#5095);
#1496=EDGE_CURVE('',#1229,#1230,#1117,.T.);
#1497=EDGE_CURVE('',#1230,#1231,#525,.T.);
#1498=EDGE_CURVE('',#1231,#1232,#1118,.T.);
#1499=EDGE_CURVE('',#1232,#1229,#526,.T.);
#1500=EDGE_CURVE('',#1233,#1234,#1119,.T.);
#1501=EDGE_CURVE('',#1234,#1232,#1120,.T.);
#1502=EDGE_CURVE('',#1231,#1233,#1121,.T.);
#1503=EDGE_CURVE('',#1235,#1236,#1122,.T.);
#1504=EDGE_CURVE('',#1236,#1234,#527,.T.);
#1505=EDGE_CURVE('',#1233,#1235,#528,.T.);
#1506=EDGE_CURVE('',#1237,#1238,#1123,.T.);
#1507=EDGE_CURVE('',#1238,#1236,#1124,.T.);
#1508=EDGE_CURVE('',#1235,#1237,#1125,.T.);
#1509=EDGE_CURVE('',#1239,#1240,#1126,.T.);
#1510=EDGE_CURVE('',#1240,#1238,#529,.T.);
#1511=EDGE_CURVE('',#1237,#1239,#530,.T.);
#1512=EDGE_CURVE('',#1241,#1242,#1127,.T.);
#1513=EDGE_CURVE('',#1242,#1240,#1128,.T.);
#1514=EDGE_CURVE('',#1239,#1241,#1129,.T.);
#1515=EDGE_CURVE('',#1243,#1244,#1130,.T.);
#1516=EDGE_CURVE('',#1244,#1242,#531,.T.);
#1517=EDGE_CURVE('',#1241,#1243,#532,.T.);
#1518=EDGE_CURVE('',#1229,#1244,#1131,.T.);
#1519=EDGE_CURVE('',#1243,#1230,#1132,.T.);
#1520=EDGE_CURVE('',#1245,#1235,#533,.T.);
#1521=EDGE_CURVE('',#1246,#1245,#1133,.T.);
#1522=EDGE_CURVE('',#1246,#1237,#534,.T.);
#1523=EDGE_CURVE('',#1247,#1233,#535,.T.);
#1524=EDGE_CURVE('',#1245,#1247,#536,.T.);
#1525=EDGE_CURVE('',#1248,#1231,#537,.T.);
#1526=EDGE_CURVE('',#1247,#1248,#1134,.T.);
#1527=EDGE_CURVE('',#1249,#1230,#538,.T.);
#1528=EDGE_CURVE('',#1248,#1249,#539,.T.);
#1529=EDGE_CURVE('',#1250,#1251,#540,.T.);
#1530=EDGE_CURVE('',#1252,#1250,#541,.T.);
#1531=EDGE_CURVE('',#1253,#1252,#542,.T.);
#1532=EDGE_CURVE('',#1251,#1253,#543,.T.);
#1533=EDGE_CURVE('',#1254,#1255,#58,.T.);
#1534=EDGE_CURVE('',#1256,#1254,#1135,.T.);
#1535=EDGE_CURVE('',#1257,#1256,#59,.T.);
#1536=EDGE_CURVE('',#1257,#1258,#1136,.T.);
#1537=EDGE_CURVE('',#1258,#1259,#544,.T.);
#1538=EDGE_CURVE('',#1260,#1259,#60,.T.);
#1539=EDGE_CURVE('',#1261,#1260,#61,.T.);
#1540=EDGE_CURVE('',#1262,#1261,#62,.T.);
#1541=EDGE_CURVE('',#1262,#1263,#1137,.T.);
#1542=EDGE_CURVE('',#1264,#1263,#63,.T.);
#1543=EDGE_CURVE('',#1265,#1264,#64,.T.);
#1544=EDGE_CURVE('',#1266,#1265,#65,.T.);
#1545=EDGE_CURVE('',#1255,#1266,#66,.T.);
#1546=EDGE_CURVE('',#1255,#1267,#545,.T.);
#1547=EDGE_CURVE('',#1267,#1268,#546,.T.);
#1548=EDGE_CURVE('',#1268,#1269,#547,.T.);
#1549=EDGE_CURVE('',#1269,#1270,#548,.T.);
#1550=EDGE_CURVE('',#1270,#1271,#549,.T.);
#1551=EDGE_CURVE('',#1272,#1271,#550,.T.);
#1552=EDGE_CURVE('',#1273,#1272,#551,.T.);
#1553=EDGE_CURVE('',#1273,#1274,#552,.T.);
#1554=EDGE_CURVE('',#1274,#1275,#553,.T.);
#1555=EDGE_CURVE('',#1275,#1254,#554,.T.);
#1556=EDGE_CURVE('',#1266,#1276,#54,.T.);
#1557=EDGE_CURVE('',#1277,#1276,#555,.T.);
#1558=EDGE_CURVE('',#1277,#1278,#556,.T.);
#1559=EDGE_CURVE('',#1267,#1278,#1138,.T.);
#1560=EDGE_CURVE('',#1279,#1265,#55,.T.);
#1561=EDGE_CURVE('',#1276,#1279,#557,.T.);
#1562=EDGE_CURVE('',#1280,#1264,#558,.T.);
#1563=EDGE_CURVE('',#1280,#1281,#559,.T.);
#1564=EDGE_CURVE('',#1282,#1281,#560,.T.);
#1565=EDGE_CURVE('',#1279,#1282,#561,.T.);
#1566=EDGE_CURVE('',#1263,#1283,#562,.T.);
#1567=EDGE_CURVE('',#1283,#1284,#563,.T.);
#1568=EDGE_CURVE('',#1284,#1280,#564,.T.);
#1569=EDGE_CURVE('',#1256,#1285,#565,.T.);
#1570=EDGE_CURVE('',#1275,#1285,#1139,.T.);
#1571=EDGE_CURVE('',#1273,#1286,#566,.T.);
#1572=EDGE_CURVE('',#1287,#1286,#1140,.T.);
#1573=EDGE_CURVE('',#1288,#1287,#567,.T.);
#1574=EDGE_CURVE('',#1289,#1288,#568,.T.);
#1575=EDGE_CURVE('',#1274,#1289,#1141,.T.);
#1576=EDGE_CURVE('',#1287,#1290,#569,.T.);
#1577=EDGE_CURVE('',#1291,#1290,#570,.T.);
#1578=EDGE_CURVE('',#1288,#1291,#571,.T.);
#1579=EDGE_CURVE('',#1285,#1286,#572,.T.);
#1580=EDGE_CURVE('',#1289,#1292,#573,.T.);
#1581=EDGE_CURVE('',#1290,#1292,#1142,.T.);
#1582=EDGE_CURVE('',#1292,#1291,#574,.T.);
#1583=EDGE_CURVE('',#1293,#1294,#575,.T.);
#1584=EDGE_CURVE('',#1293,#1295,#576,.T.);
#1585=EDGE_CURVE('',#1296,#1295,#577,.T.);
#1586=EDGE_CURVE('',#1294,#1296,#578,.T.);
#1587=EDGE_CURVE('',#1294,#1297,#1143,.T.);
#1588=EDGE_CURVE('',#1298,#1296,#1144,.T.);
#1589=EDGE_CURVE('',#1297,#1298,#579,.T.);
#1590=EDGE_CURVE('',#1297,#1299,#580,.T.);
#1591=EDGE_CURVE('',#1300,#1298,#581,.T.);
#1592=EDGE_CURVE('',#1299,#1300,#582,.T.);
#1593=EDGE_CURVE('',#1299,#1301,#1145,.T.);
#1594=EDGE_CURVE('',#1302,#1300,#1146,.T.);
#1595=EDGE_CURVE('',#1301,#1302,#583,.T.);
#1596=EDGE_CURVE('',#1301,#1303,#584,.T.);
#1597=EDGE_CURVE('',#1304,#1302,#585,.T.);
#1598=EDGE_CURVE('',#1303,#1304,#586,.T.);
#1599=EDGE_CURVE('',#1303,#1305,#1147,.T.);
#1600=EDGE_CURVE('',#1306,#1304,#1148,.T.);
#1601=EDGE_CURVE('',#1305,#1306,#587,.T.);
#1602=EDGE_CURVE('',#1305,#1307,#588,.T.);
#1603=EDGE_CURVE('',#1308,#1306,#589,.T.);
#1604=EDGE_CURVE('',#1307,#1308,#590,.T.);
#1605=EDGE_CURVE('',#1307,#1293,#1149,.T.);
#1606=EDGE_CURVE('',#1295,#1308,#1150,.T.);
#1607=EDGE_CURVE('',#1253,#1309,#1151,.T.);
#1608=EDGE_CURVE('',#1309,#1310,#591,.T.);
#1609=EDGE_CURVE('',#1310,#1311,#1152,.T.);
#1610=EDGE_CURVE('',#1311,#1312,#592,.T.);
#1611=EDGE_CURVE('',#1312,#1313,#1153,.T.);
#1612=EDGE_CURVE('',#1313,#1314,#593,.T.);
#1613=EDGE_CURVE('',#1314,#1251,#1154,.T.);
#1614=EDGE_CURVE('',#1315,#1311,#594,.T.);
#1615=EDGE_CURVE('',#1316,#1315,#595,.T.);
#1616=EDGE_CURVE('',#1316,#1312,#596,.T.);
#1617=EDGE_CURVE('',#1317,#1318,#597,.T.);
#1618=EDGE_CURVE('',#1318,#1319,#1155,.T.);
#1619=EDGE_CURVE('',#1319,#1317,#598,.T.);
#1620=EDGE_CURVE('',#1320,#1321,#599,.T.);
#1621=EDGE_CURVE('',#1321,#1322,#600,.T.);
#1622=EDGE_CURVE('',#1318,#1322,#601,.T.);
#1623=EDGE_CURVE('',#1320,#1317,#602,.T.);
#1624=EDGE_CURVE('',#1320,#1323,#603,.T.);
#1625=EDGE_CURVE('',#1319,#1324,#604,.F.);
#1626=EDGE_CURVE('',#1323,#1324,#605,.T.);
#1627=EDGE_CURVE('',#1325,#1326,#1156,.T.);
#1628=EDGE_CURVE('',#1319,#1326,#606,.F.);
#1629=EDGE_CURVE('',#1318,#1325,#607,.T.);
#1630=EDGE_CURVE('',#1326,#1327,#608,.T.);
#1631=EDGE_CURVE('',#1328,#1327,#609,.T.);
#1632=EDGE_CURVE('',#1323,#1328,#610,.T.);
#1633=EDGE_CURVE('',#1329,#1330,#611,.T.);
#1634=EDGE_CURVE('',#1327,#1330,#612,.T.);
#1635=EDGE_CURVE('',#1329,#1325,#613,.T.);
#1636=EDGE_CURVE('',#1331,#1332,#614,.T.);
#1637=EDGE_CURVE('',#1332,#1333,#1157,.T.);
#1638=EDGE_CURVE('',#1333,#1331,#615,.T.);
#1639=EDGE_CURVE('',#1334,#1335,#616,.T.);
#1640=EDGE_CURVE('',#1334,#1331,#617,.T.);
#1641=EDGE_CURVE('',#1333,#1336,#618,.F.);
#1642=EDGE_CURVE('',#1335,#1336,#619,.T.);
#1643=EDGE_CURVE('',#1337,#1334,#620,.T.);
#1644=EDGE_CURVE('',#1337,#1338,#621,.T.);
#1645=EDGE_CURVE('',#1332,#1338,#622,.T.);
#1646=EDGE_CURVE('',#1339,#1340,#1158,.T.);
#1647=EDGE_CURVE('',#1333,#1340,#623,.F.);
#1648=EDGE_CURVE('',#1332,#1339,#624,.T.);
#1649=EDGE_CURVE('',#1341,#1339,#625,.T.);
#1650=EDGE_CURVE('',#1342,#1337,#626,.T.);
#1651=EDGE_CURVE('',#1342,#1341,#627,.T.);
#1652=EDGE_CURVE('',#1343,#1329,#628,.T.);
#1653=EDGE_CURVE('',#1343,#1321,#629,.T.);
#1654=EDGE_CURVE('',#1344,#1345,#630,.T.);
#1655=EDGE_CURVE('',#1345,#1335,#631,.T.);
#1656=EDGE_CURVE('',#1340,#1344,#632,.T.);
#1657=EDGE_CURVE('',#1346,#1344,#633,.T.);
#1658=EDGE_CURVE('',#1346,#1341,#634,.T.);
#1659=EDGE_CURVE('',#1347,#1269,#635,.T.);
#1660=EDGE_CURVE('',#1347,#1348,#636,.T.);
#1661=EDGE_CURVE('',#1270,#1348,#637,.T.);
#1662=EDGE_CURVE('',#1348,#1330,#638,.T.);
#1663=EDGE_CURVE('',#1278,#1347,#639,.T.);
#1664=EDGE_CURVE('',#1328,#1277,#640,.T.);
#1665=EDGE_CURVE('',#1349,#1349,#1159,.T.);
#1666=EDGE_CURVE('',#1349,#1350,#641,.T.);
#1667=EDGE_CURVE('',#1351,#1350,#1160,.T.);
#1668=EDGE_CURVE('',#1352,#1351,#1161,.T.);
#1669=EDGE_CURVE('',#1350,#1352,#1162,.T.);
#1670=EDGE_CURVE('',#1353,#1243,#642,.T.);
#1671=EDGE_CURVE('',#1249,#1353,#1163,.T.);
#1672=EDGE_CURVE('',#1354,#1241,#643,.T.);
#1673=EDGE_CURVE('',#1353,#1354,#644,.T.);
#1674=EDGE_CURVE('',#1355,#1239,#645,.T.);
#1675=EDGE_CURVE('',#1354,#1355,#1164,.T.);
#1676=EDGE_CURVE('',#1355,#1246,#646,.T.);
#1677=EDGE_CURVE('',#1356,#1357,#647,.T.);
#1678=EDGE_CURVE('',#1357,#1358,#1165,.T.);
#1679=EDGE_CURVE('',#1358,#1356,#648,.T.);
#1680=EDGE_CURVE('',#1359,#1360,#649,.T.);
#1681=EDGE_CURVE('',#1359,#1356,#650,.T.);
#1682=EDGE_CURVE('',#1358,#1361,#651,.F.);
#1683=EDGE_CURVE('',#1360,#1361,#652,.T.);
#1684=EDGE_CURVE('',#1362,#1359,#653,.T.);
#1685=EDGE_CURVE('',#1362,#1363,#654,.T.);
#1686=EDGE_CURVE('',#1357,#1363,#655,.T.);
#1687=EDGE_CURVE('',#1364,#1365,#656,.T.);
#1688=EDGE_CURVE('',#1366,#1365,#657,.T.);
#1689=EDGE_CURVE('',#1360,#1366,#658,.T.);
#1690=EDGE_CURVE('',#1358,#1364,#659,.F.);
#1691=EDGE_CURVE('',#1367,#1364,#1166,.T.);
#1692=EDGE_CURVE('',#1357,#1367,#660,.T.);
#1693=EDGE_CURVE('',#1368,#1367,#661,.T.);
#1694=EDGE_CURVE('',#1369,#1362,#662,.T.);
#1695=EDGE_CURVE('',#1369,#1368,#663,.T.);
#1696=EDGE_CURVE('',#1365,#1368,#1167,.T.);
#1697=EDGE_CURVE('',#1366,#1369,#1168,.T.);
#1698=EDGE_CURVE('',#1347,#1268,#1169,.T.);
#1699=EDGE_CURVE('',#1370,#1284,#664,.T.);
#1700=EDGE_CURVE('',#1371,#1283,#665,.T.);
#1701=EDGE_CURVE('',#1371,#1370,#666,.T.);
#1702=EDGE_CURVE('',#1352,#1370,#667,.T.);
#1703=EDGE_CURVE('',#1282,#1371,#668,.T.);
#1704=EDGE_CURVE('',#1281,#1351,#669,.T.);
#1705=EDGE_CURVE('',#1351,#1352,#670,.T.);
#1706=EDGE_CURVE('',#1372,#1373,#671,.T.);
#1707=EDGE_CURVE('',#1373,#1374,#1170,.T.);
#1708=EDGE_CURVE('',#1374,#1372,#672,.T.);
#1709=EDGE_CURVE('',#1375,#1258,#673,.T.);
#1710=EDGE_CURVE('',#1375,#1372,#674,.T.);
#1711=EDGE_CURVE('',#1374,#1376,#675,.F.);
#1712=EDGE_CURVE('',#1259,#1376,#676,.T.);
#1713=EDGE_CURVE('',#1377,#1375,#677,.T.);
#1714=EDGE_CURVE('',#1377,#1378,#678,.T.);
#1715=EDGE_CURVE('',#1373,#1378,#679,.T.);
#1716=EDGE_CURVE('',#1374,#1379,#680,.F.);
#1717=EDGE_CURVE('',#1379,#1380,#681,.T.);
#1718=EDGE_CURVE('',#1260,#1380,#682,.T.);
#1719=EDGE_CURVE('',#1381,#1379,#1171,.T.);
#1720=EDGE_CURVE('',#1373,#1381,#683,.T.);
#1721=EDGE_CURVE('',#1261,#1382,#684,.T.);
#1722=EDGE_CURVE('',#1382,#1381,#685,.T.);
#1723=EDGE_CURVE('',#1262,#1377,#686,.T.);
#1724=EDGE_CURVE('',#1380,#1382,#1172,.T.);
#1725=EDGE_CURVE('',#1383,#1384,#687,.T.);
#1726=EDGE_CURVE('',#1385,#1383,#688,.T.);
#1727=EDGE_CURVE('',#1386,#1385,#689,.T.);
#1728=EDGE_CURVE('',#1384,#1386,#690,.T.);
#1729=EDGE_CURVE('',#1383,#1387,#1173,.F.);
#1730=EDGE_CURVE('',#1387,#1388,#691,.T.);
#1731=EDGE_CURVE('',#1388,#1385,#1174,.F.);
#1732=EDGE_CURVE('',#1385,#1316,#1175,.F.);
#1733=EDGE_CURVE('',#1315,#1386,#1176,.F.);
#1734=EDGE_CURVE('',#1386,#1389,#1177,.F.);
#1735=EDGE_CURVE('',#1389,#1390,#692,.T.);
#1736=EDGE_CURVE('',#1390,#1384,#1178,.F.);
#1737=EDGE_CURVE('',#1389,#1315,#1179,.F.);
#1738=EDGE_CURVE('',#1316,#1388,#1180,.F.);
#1739=EDGE_CURVE('',#1384,#1252,#1181,.F.);
#1740=EDGE_CURVE('',#1250,#1383,#1182,.F.);
#1741=EDGE_CURVE('',#1252,#1390,#1183,.F.);
#1742=EDGE_CURVE('',#1387,#1250,#1184,.F.);
#1743=EDGE_CURVE('',#1390,#1309,#693,.T.);
#1744=EDGE_CURVE('',#1389,#1310,#694,.T.);
#1745=EDGE_CURVE('',#1257,#1391,#695,.T.);
#1746=EDGE_CURVE('',#1391,#1366,#696,.T.);
#1747=EDGE_CURVE('',#1366,#1342,#697,.T.);
#1748=EDGE_CURVE('',#1345,#1343,#698,.T.);
#1749=EDGE_CURVE('',#1392,#1272,#699,.T.);
#1750=EDGE_CURVE('',#1392,#1391,#700,.T.);
#1751=EDGE_CURVE('',#1388,#1313,#701,.T.);
#1752=EDGE_CURVE('',#1314,#1387,#702,.T.);
#1753=EDGE_CURVE('',#1271,#1393,#703,.T.);
#1754=EDGE_CURVE('',#1346,#1393,#704,.T.);
#1755=EDGE_CURVE('',#1393,#1392,#705,.T.);
#1756=EDGE_CURVE('',#1366,#1365,#706,.T.);
#1757=EDGE_CURVE('',#1394,#1395,#707,.T.);
#1758=EDGE_CURVE('',#1394,#1396,#708,.T.);
#1759=EDGE_CURVE('',#1396,#1397,#709,.T.);
#1760=EDGE_CURVE('',#1395,#1397,#710,.T.);
#1761=EDGE_CURVE('',#1398,#1394,#1185,.T.);
#1762=EDGE_CURVE('',#1398,#1399,#711,.T.);
#1763=EDGE_CURVE('',#1399,#1396,#1186,.T.);
#1764=EDGE_CURVE('',#1400,#1398,#712,.T.);
#1765=EDGE_CURVE('',#1400,#1401,#713,.T.);
#1766=EDGE_CURVE('',#1401,#1399,#714,.T.);
#1767=EDGE_CURVE('',#1402,#1400,#1187,.T.);
#1768=EDGE_CURVE('',#1402,#1403,#715,.T.);
#1769=EDGE_CURVE('',#1403,#1401,#1188,.T.);
#1770=EDGE_CURVE('',#1404,#1402,#716,.T.);
#1771=EDGE_CURVE('',#1404,#1405,#717,.T.);
#1772=EDGE_CURVE('',#1405,#1403,#718,.T.);
#1773=EDGE_CURVE('',#1406,#1404,#1189,.T.);
#1774=EDGE_CURVE('',#1406,#1407,#719,.T.);
#1775=EDGE_CURVE('',#1407,#1405,#1190,.T.);
#1776=EDGE_CURVE('',#1408,#1406,#720,.T.);
#1777=EDGE_CURVE('',#1408,#1409,#721,.T.);
#1778=EDGE_CURVE('',#1409,#1407,#722,.T.);
#1779=EDGE_CURVE('',#1395,#1408,#1191,.T.);
#1780=EDGE_CURVE('',#1397,#1409,#1192,.T.);
#1781=EDGE_CURVE('',#1410,#1411,#1193,.T.);
#1782=EDGE_CURVE('',#1412,#1410,#723,.T.);
#1783=EDGE_CURVE('',#1413,#1412,#1194,.T.);
#1784=EDGE_CURVE('',#1414,#1413,#724,.T.);
#1785=EDGE_CURVE('',#1415,#1414,#1195,.T.);
#1786=EDGE_CURVE('',#1416,#1415,#725,.T.);
#1787=EDGE_CURVE('',#1417,#1416,#1196,.T.);
#1788=EDGE_CURVE('',#1411,#1417,#726,.T.);
#1789=EDGE_CURVE('',#1418,#1415,#727,.T.);
#1790=EDGE_CURVE('',#1419,#1418,#728,.T.);
#1791=EDGE_CURVE('',#1416,#1419,#729,.T.);
#1792=EDGE_CURVE('',#1414,#1420,#730,.T.);
#1793=EDGE_CURVE('',#1418,#1420,#1197,.T.);
#1794=EDGE_CURVE('',#1421,#1413,#731,.T.);
#1795=EDGE_CURVE('',#1420,#1421,#732,.T.);
#1796=EDGE_CURVE('',#1412,#1422,#733,.T.);
#1797=EDGE_CURVE('',#1421,#1422,#1198,.T.);
#1798=EDGE_CURVE('',#1423,#1424,#734,.T.);
#1799=EDGE_CURVE('',#1425,#1423,#735,.T.);
#1800=EDGE_CURVE('',#1426,#1425,#736,.T.);
#1801=EDGE_CURVE('',#1424,#1426,#737,.T.);
#1802=EDGE_CURVE('',#1425,#1427,#738,.T.);
#1803=EDGE_CURVE('',#1427,#1428,#739,.T.);
#1804=EDGE_CURVE('',#1428,#1426,#740,.T.);
#1805=EDGE_CURVE('',#1423,#1429,#741,.T.);
#1806=EDGE_CURVE('',#1429,#1427,#742,.T.);
#1807=EDGE_CURVE('',#1411,#1430,#743,.T.);
#1808=EDGE_CURVE('',#1431,#1430,#1199,.T.);
#1809=EDGE_CURVE('',#1431,#1410,#744,.T.);
#1810=EDGE_CURVE('',#1432,#1417,#745,.T.);
#1811=EDGE_CURVE('',#1430,#1432,#746,.T.);
#1812=EDGE_CURVE('',#1432,#1419,#1200,.T.);
#1813=EDGE_CURVE('',#1424,#1433,#747,.T.);
#1814=EDGE_CURVE('',#1433,#1429,#748,.T.);
#1815=EDGE_CURVE('',#1433,#1428,#749,.T.);
#1816=EDGE_CURVE('',#1434,#1420,#1201,.T.);
#1817=EDGE_CURVE('',#1421,#1435,#1202,.T.);
#1818=EDGE_CURVE('',#1435,#1434,#750,.T.);
#1819=EDGE_CURVE('',#1436,#1419,#1203,.T.);
#1820=EDGE_CURVE('',#1418,#1434,#1204,.T.);
#1821=EDGE_CURVE('',#1434,#1436,#751,.T.);
#1822=EDGE_CURVE('',#1437,#1430,#1205,.T.);
#1823=EDGE_CURVE('',#1432,#1436,#1206,.T.);
#1824=EDGE_CURVE('',#1436,#1437,#752,.T.);
#1825=EDGE_CURVE('',#1435,#1422,#1207,.T.);
#1826=EDGE_CURVE('',#1422,#1431,#753,.T.);
#1827=EDGE_CURVE('',#1431,#1437,#1208,.T.);
#1828=EDGE_CURVE('',#1437,#1435,#754,.T.);
#1829=EDGE_CURVE('',#1438,#1439,#755,.T.);
#1830=EDGE_CURVE('',#1440,#1438,#756,.T.);
#1831=EDGE_CURVE('',#1440,#1441,#757,.T.);
#1832=EDGE_CURVE('',#1439,#1441,#758,.T.);
#1833=EDGE_CURVE('',#1442,#1443,#759,.T.);
#1834=EDGE_CURVE('',#1442,#1444,#760,.T.);
#1835=EDGE_CURVE('',#1444,#1445,#761,.T.);
#1836=EDGE_CURVE('',#1443,#1445,#762,.T.);
#1837=EDGE_CURVE('',#1439,#1442,#763,.T.);
#1838=EDGE_CURVE('',#1441,#1444,#764,.T.);
#1839=EDGE_CURVE('',#1445,#1440,#765,.T.);
#1840=EDGE_CURVE('',#1438,#1446,#766,.T.);
#1841=EDGE_CURVE('',#1446,#1447,#767,.T.);
#1842=EDGE_CURVE('',#1448,#1447,#1209,.T.);
#1843=EDGE_CURVE('',#1448,#1443,#768,.T.);
#1844=EDGE_CURVE('',#1448,#1449,#769,.T.);
#1845=EDGE_CURVE('',#1450,#1449,#770,.T.);
#1846=EDGE_CURVE('',#1446,#1450,#771,.T.);
#1847=EDGE_CURVE('',#1451,#1450,#772,.T.);
#1848=EDGE_CURVE('',#1447,#1451,#773,.T.);
#1849=EDGE_CURVE('',#1449,#1451,#1210,.T.);
#1850=EDGE_CURVE('',#1452,#1453,#1211,.T.);
#1851=EDGE_CURVE('',#1453,#1454,#774,.T.);
#1852=EDGE_CURVE('',#1454,#1455,#1212,.T.);
#1853=EDGE_CURVE('',#1455,#1452,#775,.T.);
#1854=EDGE_CURVE('',#1456,#1457,#1213,.T.);
#1855=EDGE_CURVE('',#1457,#1453,#776,.T.);
#1856=EDGE_CURVE('',#1453,#1458,#1214,.T.);
#1857=EDGE_CURVE('',#1458,#1456,#777,.T.);
#1858=EDGE_CURVE('',#1452,#1458,#1215,.T.);
#1859=EDGE_CURVE('',#1459,#1460,#67,.T.);
#1860=EDGE_CURVE('',#1459,#1457,#1216,.T.);
#1861=EDGE_CURVE('',#1456,#1461,#1217,.T.);
#1862=EDGE_CURVE('',#1460,#1461,#68,.T.);
#1863=EDGE_CURVE('',#1459,#1462,#778,.T.);
#1864=EDGE_CURVE('',#1463,#1462,#779,.T.);
#1865=EDGE_CURVE('',#1454,#1463,#780,.T.);
#1866=EDGE_CURVE('',#1464,#1460,#781,.T.);
#1867=EDGE_CURVE('',#1462,#1464,#782,.T.);
#1868=EDGE_CURVE('',#1465,#1466,#1218,.T.);
#1869=EDGE_CURVE('',#1466,#1467,#783,.T.);
#1870=EDGE_CURVE('',#1467,#1468,#1219,.T.);
#1871=EDGE_CURVE('',#1468,#1465,#784,.T.);
#1872=EDGE_CURVE('',#1468,#1469,#1220,.T.);
#1873=EDGE_CURVE('',#1469,#1470,#785,.T.);
#1874=EDGE_CURVE('',#1470,#1471,#1221,.T.);
#1875=EDGE_CURVE('',#1471,#1468,#786,.T.);
#1876=EDGE_CURVE('',#1467,#1469,#1222,.T.);
#1877=EDGE_CURVE('',#1472,#1473,#69,.T.);
#1878=EDGE_CURVE('',#1472,#1466,#1223,.T.);
#1879=EDGE_CURVE('',#1465,#1474,#1224,.T.);
#1880=EDGE_CURVE('',#1473,#1474,#70,.T.);
#1881=EDGE_CURVE('',#1473,#1475,#787,.T.);
#1882=EDGE_CURVE('',#1475,#1476,#1225,.F.);
#1883=EDGE_CURVE('',#1476,#1477,#788,.T.);
#1884=EDGE_CURVE('',#1472,#1477,#56,.T.);
#1885=EDGE_CURVE('',#1478,#1474,#789,.T.);
#1886=EDGE_CURVE('',#1475,#1478,#790,.T.);
#1887=EDGE_CURVE('',#1479,#1471,#791,.T.);
#1888=EDGE_CURVE('',#1479,#1478,#792,.T.);
#1889=EDGE_CURVE('',#1452,#1469,#793,.T.);
#1890=EDGE_CURVE('',#1467,#1458,#794,.T.);
#1891=EDGE_CURVE('',#1470,#1455,#795,.T.);
#1892=EDGE_CURVE('',#1461,#1480,#57,.T.);
#1893=EDGE_CURVE('',#1480,#1481,#796,.T.);
#1894=EDGE_CURVE('',#1481,#1464,#1226,.F.);
#1895=EDGE_CURVE('',#1456,#1466,#797,.T.);
#1896=EDGE_CURVE('',#1477,#1480,#798,.T.);
#1897=EDGE_CURVE('',#1482,#1481,#799,.T.);
#1898=EDGE_CURVE('',#1480,#1483,#800,.T.);
#1899=EDGE_CURVE('',#1484,#1483,#801,.T.);
#1900=EDGE_CURVE('',#1485,#1484,#802,.T.);
#1901=EDGE_CURVE('',#1485,#1482,#803,.T.);
#1902=EDGE_CURVE('',#1486,#1477,#804,.T.);
#1903=EDGE_CURVE('',#1483,#1486,#805,.T.);
#1904=EDGE_CURVE('',#1476,#1487,#806,.T.);
#1905=EDGE_CURVE('',#1488,#1487,#807,.T.);
#1906=EDGE_CURVE('',#1489,#1488,#808,.T.);
#1907=EDGE_CURVE('',#1486,#1489,#809,.T.);
#1908=EDGE_CURVE('',#1463,#1479,#810,.T.);
#1909=EDGE_CURVE('',#1487,#1482,#811,.T.);
#1910=EDGE_CURVE('',#1488,#1485,#812,.T.);
#1911=EDGE_CURVE('',#1489,#1490,#813,.T.);
#1912=EDGE_CURVE('',#1490,#1491,#814,.T.);
#1913=EDGE_CURVE('',#1492,#1491,#1227,.T.);
#1914=EDGE_CURVE('',#1492,#1484,#815,.T.);
#1915=EDGE_CURVE('',#1492,#1493,#816,.T.);
#1916=EDGE_CURVE('',#1494,#1493,#817,.T.);
#1917=EDGE_CURVE('',#1490,#1494,#818,.T.);
#1918=EDGE_CURVE('',#1495,#1494,#819,.T.);
#1919=EDGE_CURVE('',#1491,#1495,#820,.T.);
#1920=EDGE_CURVE('',#1493,#1495,#1228,.T.);
#1921=ORIENTED_EDGE('',*,*,#1496,.T.);
#1922=ORIENTED_EDGE('',*,*,#1497,.T.);
#1923=ORIENTED_EDGE('',*,*,#1498,.T.);
#1924=ORIENTED_EDGE('',*,*,#1499,.T.);
#1925=ORIENTED_EDGE('',*,*,#1500,.T.);
#1926=ORIENTED_EDGE('',*,*,#1501,.T.);
#1927=ORIENTED_EDGE('',*,*,#1498,.F.);
#1928=ORIENTED_EDGE('',*,*,#1502,.T.);
#1929=ORIENTED_EDGE('',*,*,#1503,.T.);
#1930=ORIENTED_EDGE('',*,*,#1504,.T.);
#1931=ORIENTED_EDGE('',*,*,#1500,.F.);
#1932=ORIENTED_EDGE('',*,*,#1505,.T.);
#1933=ORIENTED_EDGE('',*,*,#1506,.T.);
#1934=ORIENTED_EDGE('',*,*,#1507,.T.);
#1935=ORIENTED_EDGE('',*,*,#1503,.F.);
#1936=ORIENTED_EDGE('',*,*,#1508,.T.);
#1937=ORIENTED_EDGE('',*,*,#1509,.T.);
#1938=ORIENTED_EDGE('',*,*,#1510,.T.);
#1939=ORIENTED_EDGE('',*,*,#1506,.F.);
#1940=ORIENTED_EDGE('',*,*,#1511,.T.);
#1941=ORIENTED_EDGE('',*,*,#1512,.T.);
#1942=ORIENTED_EDGE('',*,*,#1513,.T.);
#1943=ORIENTED_EDGE('',*,*,#1509,.F.);
#1944=ORIENTED_EDGE('',*,*,#1514,.T.);
#1945=ORIENTED_EDGE('',*,*,#1515,.T.);
#1946=ORIENTED_EDGE('',*,*,#1516,.T.);
#1947=ORIENTED_EDGE('',*,*,#1512,.F.);
#1948=ORIENTED_EDGE('',*,*,#1517,.T.);
#1949=ORIENTED_EDGE('',*,*,#1496,.F.);
#1950=ORIENTED_EDGE('',*,*,#1518,.T.);
#1951=ORIENTED_EDGE('',*,*,#1515,.F.);
#1952=ORIENTED_EDGE('',*,*,#1519,.T.);
#1953=ORIENTED_EDGE('',*,*,#1508,.F.);
#1954=ORIENTED_EDGE('',*,*,#1520,.F.);
#1955=ORIENTED_EDGE('',*,*,#1521,.F.);
#1956=ORIENTED_EDGE('',*,*,#1522,.T.);
#1957=ORIENTED_EDGE('',*,*,#1505,.F.);
#1958=ORIENTED_EDGE('',*,*,#1523,.F.);
#1959=ORIENTED_EDGE('',*,*,#1524,.F.);
#1960=ORIENTED_EDGE('',*,*,#1520,.T.);
#1961=ORIENTED_EDGE('',*,*,#1502,.F.);
#1962=ORIENTED_EDGE('',*,*,#1525,.F.);
#1963=ORIENTED_EDGE('',*,*,#1526,.F.);
#1964=ORIENTED_EDGE('',*,*,#1523,.T.);
#1965=ORIENTED_EDGE('',*,*,#1497,.F.);
#1966=ORIENTED_EDGE('',*,*,#1527,.F.);
#1967=ORIENTED_EDGE('',*,*,#1528,.F.);
#1968=ORIENTED_EDGE('',*,*,#1525,.T.);
#1969=ORIENTED_EDGE('',*,*,#1529,.F.);
#1970=ORIENTED_EDGE('',*,*,#1530,.F.);
#1971=ORIENTED_EDGE('',*,*,#1531,.F.);
#1972=ORIENTED_EDGE('',*,*,#1532,.F.);
#1973=ORIENTED_EDGE('',*,*,#1499,.F.);
#1974=ORIENTED_EDGE('',*,*,#1501,.F.);
#1975=ORIENTED_EDGE('',*,*,#1504,.F.);
#1976=ORIENTED_EDGE('',*,*,#1507,.F.);
#1977=ORIENTED_EDGE('',*,*,#1510,.F.);
#1978=ORIENTED_EDGE('',*,*,#1513,.F.);
#1979=ORIENTED_EDGE('',*,*,#1516,.F.);
#1980=ORIENTED_EDGE('',*,*,#1518,.F.);
#1981=ORIENTED_EDGE('',*,*,#1533,.F.);
#1982=ORIENTED_EDGE('',*,*,#1534,.F.);
#1983=ORIENTED_EDGE('',*,*,#1535,.F.);
#1984=ORIENTED_EDGE('',*,*,#1536,.T.);
#1985=ORIENTED_EDGE('',*,*,#1537,.T.);
#1986=ORIENTED_EDGE('',*,*,#1538,.F.);
#1987=ORIENTED_EDGE('',*,*,#1539,.F.);
#1988=ORIENTED_EDGE('',*,*,#1540,.F.);
#1989=ORIENTED_EDGE('',*,*,#1541,.T.);
#1990=ORIENTED_EDGE('',*,*,#1542,.F.);
#1991=ORIENTED_EDGE('',*,*,#1543,.F.);
#1992=ORIENTED_EDGE('',*,*,#1544,.F.);
#1993=ORIENTED_EDGE('',*,*,#1545,.F.);
#1994=ORIENTED_EDGE('',*,*,#1533,.T.);
#1995=ORIENTED_EDGE('',*,*,#1546,.T.);
#1996=ORIENTED_EDGE('',*,*,#1547,.T.);
#1997=ORIENTED_EDGE('',*,*,#1548,.T.);
#1998=ORIENTED_EDGE('',*,*,#1549,.T.);
#1999=ORIENTED_EDGE('',*,*,#1550,.T.);
#2000=ORIENTED_EDGE('',*,*,#1551,.F.);
#2001=ORIENTED_EDGE('',*,*,#1552,.F.);
#2002=ORIENTED_EDGE('',*,*,#1553,.T.);
#2003=ORIENTED_EDGE('',*,*,#1554,.T.);
#2004=ORIENTED_EDGE('',*,*,#1555,.T.);
#2005=ORIENTED_EDGE('',*,*,#1545,.T.);
#2006=ORIENTED_EDGE('',*,*,#1556,.T.);
#2007=ORIENTED_EDGE('',*,*,#1557,.F.);
#2008=ORIENTED_EDGE('',*,*,#1558,.T.);
#2009=ORIENTED_EDGE('',*,*,#1559,.F.);
#2010=ORIENTED_EDGE('',*,*,#1546,.F.);
#2011=ORIENTED_EDGE('',*,*,#1544,.T.);
#2012=ORIENTED_EDGE('',*,*,#1560,.F.);
#2013=ORIENTED_EDGE('',*,*,#1561,.F.);
#2014=ORIENTED_EDGE('',*,*,#1556,.F.);
#2015=ORIENTED_EDGE('',*,*,#1543,.T.);
#2016=ORIENTED_EDGE('',*,*,#1562,.F.);
#2017=ORIENTED_EDGE('',*,*,#1563,.T.);
#2018=ORIENTED_EDGE('',*,*,#1564,.F.);
#2019=ORIENTED_EDGE('',*,*,#1565,.F.);
#2020=ORIENTED_EDGE('',*,*,#1560,.T.);
#2021=ORIENTED_EDGE('',*,*,#1542,.T.);
#2022=ORIENTED_EDGE('',*,*,#1566,.T.);
#2023=ORIENTED_EDGE('',*,*,#1567,.T.);
#2024=ORIENTED_EDGE('',*,*,#1568,.T.);
#2025=ORIENTED_EDGE('',*,*,#1562,.T.);
#2026=ORIENTED_EDGE('',*,*,#1569,.F.);
#2027=ORIENTED_EDGE('',*,*,#1534,.T.);
#2028=ORIENTED_EDGE('',*,*,#1555,.F.);
#2029=ORIENTED_EDGE('',*,*,#1570,.T.);
#2030=ORIENTED_EDGE('',*,*,#1571,.T.);
#2031=ORIENTED_EDGE('',*,*,#1572,.F.);
#2032=ORIENTED_EDGE('',*,*,#1573,.F.);
#2033=ORIENTED_EDGE('',*,*,#1574,.F.);
#2034=ORIENTED_EDGE('',*,*,#1575,.F.);
#2035=ORIENTED_EDGE('',*,*,#1553,.F.);
#2036=ORIENTED_EDGE('',*,*,#1573,.T.);
#2037=ORIENTED_EDGE('',*,*,#1576,.T.);
#2038=ORIENTED_EDGE('',*,*,#1577,.F.);
#2039=ORIENTED_EDGE('',*,*,#1578,.F.);
#2040=ORIENTED_EDGE('',*,*,#1572,.T.);
#2041=ORIENTED_EDGE('',*,*,#1579,.F.);
#2042=ORIENTED_EDGE('',*,*,#1570,.F.);
#2043=ORIENTED_EDGE('',*,*,#1554,.F.);
#2044=ORIENTED_EDGE('',*,*,#1575,.T.);
#2045=ORIENTED_EDGE('',*,*,#1580,.T.);
#2046=ORIENTED_EDGE('',*,*,#1581,.F.);
#2047=ORIENTED_EDGE('',*,*,#1576,.F.);
#2048=ORIENTED_EDGE('',*,*,#1574,.T.);
#2049=ORIENTED_EDGE('',*,*,#1578,.T.);
#2050=ORIENTED_EDGE('',*,*,#1582,.F.);
#2051=ORIENTED_EDGE('',*,*,#1580,.F.);
#2052=ORIENTED_EDGE('',*,*,#1583,.F.);
#2053=ORIENTED_EDGE('',*,*,#1584,.T.);
#2054=ORIENTED_EDGE('',*,*,#1585,.F.);
#2055=ORIENTED_EDGE('',*,*,#1586,.F.);
#2056=ORIENTED_EDGE('',*,*,#1587,.F.);
#2057=ORIENTED_EDGE('',*,*,#1586,.T.);
#2058=ORIENTED_EDGE('',*,*,#1588,.F.);
#2059=ORIENTED_EDGE('',*,*,#1589,.F.);
#2060=ORIENTED_EDGE('',*,*,#1590,.F.);
#2061=ORIENTED_EDGE('',*,*,#1589,.T.);
#2062=ORIENTED_EDGE('',*,*,#1591,.F.);
#2063=ORIENTED_EDGE('',*,*,#1592,.F.);
#2064=ORIENTED_EDGE('',*,*,#1593,.F.);
#2065=ORIENTED_EDGE('',*,*,#1592,.T.);
#2066=ORIENTED_EDGE('',*,*,#1594,.F.);
#2067=ORIENTED_EDGE('',*,*,#1595,.F.);
#2068=ORIENTED_EDGE('',*,*,#1596,.F.);
#2069=ORIENTED_EDGE('',*,*,#1595,.T.);
#2070=ORIENTED_EDGE('',*,*,#1597,.F.);
#2071=ORIENTED_EDGE('',*,*,#1598,.F.);
#2072=ORIENTED_EDGE('',*,*,#1599,.F.);
#2073=ORIENTED_EDGE('',*,*,#1598,.T.);
#2074=ORIENTED_EDGE('',*,*,#1600,.F.);
#2075=ORIENTED_EDGE('',*,*,#1601,.F.);
#2076=ORIENTED_EDGE('',*,*,#1602,.F.);
#2077=ORIENTED_EDGE('',*,*,#1601,.T.);
#2078=ORIENTED_EDGE('',*,*,#1603,.F.);
#2079=ORIENTED_EDGE('',*,*,#1604,.F.);
#2080=ORIENTED_EDGE('',*,*,#1605,.F.);
#2081=ORIENTED_EDGE('',*,*,#1604,.T.);
#2082=ORIENTED_EDGE('',*,*,#1606,.F.);
#2083=ORIENTED_EDGE('',*,*,#1584,.F.);
#2084=ORIENTED_EDGE('',*,*,#1607,.T.);
#2085=ORIENTED_EDGE('',*,*,#1608,.T.);
#2086=ORIENTED_EDGE('',*,*,#1609,.T.);
#2087=ORIENTED_EDGE('',*,*,#1610,.T.);
#2088=ORIENTED_EDGE('',*,*,#1611,.T.);
#2089=ORIENTED_EDGE('',*,*,#1612,.T.);
#2090=ORIENTED_EDGE('',*,*,#1613,.T.);
#2091=ORIENTED_EDGE('',*,*,#1532,.T.);
#2092=ORIENTED_EDGE('',*,*,#1606,.T.);
#2093=ORIENTED_EDGE('',*,*,#1603,.T.);
#2094=ORIENTED_EDGE('',*,*,#1600,.T.);
#2095=ORIENTED_EDGE('',*,*,#1597,.T.);
#2096=ORIENTED_EDGE('',*,*,#1594,.T.);
#2097=ORIENTED_EDGE('',*,*,#1591,.T.);
#2098=ORIENTED_EDGE('',*,*,#1588,.T.);
#2099=ORIENTED_EDGE('',*,*,#1585,.T.);
#2100=ORIENTED_EDGE('',*,*,#1614,.F.);
#2101=ORIENTED_EDGE('',*,*,#1615,.F.);
#2102=ORIENTED_EDGE('',*,*,#1616,.T.);
#2103=ORIENTED_EDGE('',*,*,#1610,.F.);
#2104=ORIENTED_EDGE('',*,*,#1617,.T.);
#2105=ORIENTED_EDGE('',*,*,#1618,.T.);
#2106=ORIENTED_EDGE('',*,*,#1619,.T.);
#2107=ORIENTED_EDGE('',*,*,#1620,.T.);
#2108=ORIENTED_EDGE('',*,*,#1621,.T.);
#2109=ORIENTED_EDGE('',*,*,#1622,.F.);
#2110=ORIENTED_EDGE('',*,*,#1617,.F.);
#2111=ORIENTED_EDGE('',*,*,#1623,.F.);
#2112=ORIENTED_EDGE('',*,*,#1624,.F.);
#2113=ORIENTED_EDGE('',*,*,#1623,.T.);
#2114=ORIENTED_EDGE('',*,*,#1619,.F.);
#2115=ORIENTED_EDGE('',*,*,#1625,.T.);
#2116=ORIENTED_EDGE('',*,*,#1626,.F.);
#2117=ORIENTED_EDGE('',*,*,#1627,.T.);
#2118=ORIENTED_EDGE('',*,*,#1628,.F.);
#2119=ORIENTED_EDGE('',*,*,#1618,.F.);
#2120=ORIENTED_EDGE('',*,*,#1629,.T.);
#2121=ORIENTED_EDGE('',*,*,#1630,.T.);
#2122=ORIENTED_EDGE('',*,*,#1631,.F.);
#2123=ORIENTED_EDGE('',*,*,#1632,.F.);
#2124=ORIENTED_EDGE('',*,*,#1626,.T.);
#2125=ORIENTED_EDGE('',*,*,#1625,.F.);
#2126=ORIENTED_EDGE('',*,*,#1628,.T.);
#2127=ORIENTED_EDGE('',*,*,#1633,.T.);
#2128=ORIENTED_EDGE('',*,*,#1634,.F.);
#2129=ORIENTED_EDGE('',*,*,#1630,.F.);
#2130=ORIENTED_EDGE('',*,*,#1627,.F.);
#2131=ORIENTED_EDGE('',*,*,#1635,.F.);
#2132=ORIENTED_EDGE('',*,*,#1636,.T.);
#2133=ORIENTED_EDGE('',*,*,#1637,.T.);
#2134=ORIENTED_EDGE('',*,*,#1638,.T.);
#2135=ORIENTED_EDGE('',*,*,#1639,.F.);
#2136=ORIENTED_EDGE('',*,*,#1640,.T.);
#2137=ORIENTED_EDGE('',*,*,#1638,.F.);
#2138=ORIENTED_EDGE('',*,*,#1641,.T.);
#2139=ORIENTED_EDGE('',*,*,#1642,.F.);
#2140=ORIENTED_EDGE('',*,*,#1643,.F.);
#2141=ORIENTED_EDGE('',*,*,#1644,.T.);
#2142=ORIENTED_EDGE('',*,*,#1645,.F.);
#2143=ORIENTED_EDGE('',*,*,#1636,.F.);
#2144=ORIENTED_EDGE('',*,*,#1640,.F.);
#2145=ORIENTED_EDGE('',*,*,#1646,.T.);
#2146=ORIENTED_EDGE('',*,*,#1647,.F.);
#2147=ORIENTED_EDGE('',*,*,#1637,.F.);
#2148=ORIENTED_EDGE('',*,*,#1648,.T.);
#2149=ORIENTED_EDGE('',*,*,#1649,.T.);
#2150=ORIENTED_EDGE('',*,*,#1648,.F.);
#2151=ORIENTED_EDGE('',*,*,#1645,.T.);
#2152=ORIENTED_EDGE('',*,*,#1644,.F.);
#2153=ORIENTED_EDGE('',*,*,#1650,.F.);
#2154=ORIENTED_EDGE('',*,*,#1651,.T.);
#2155=ORIENTED_EDGE('',*,*,#1652,.T.);
#2156=ORIENTED_EDGE('',*,*,#1635,.T.);
#2157=ORIENTED_EDGE('',*,*,#1629,.F.);
#2158=ORIENTED_EDGE('',*,*,#1622,.T.);
#2159=ORIENTED_EDGE('',*,*,#1621,.F.);
#2160=ORIENTED_EDGE('',*,*,#1653,.F.);
#2161=ORIENTED_EDGE('',*,*,#1654,.T.);
#2162=ORIENTED_EDGE('',*,*,#1655,.T.);
#2163=ORIENTED_EDGE('',*,*,#1642,.T.);
#2164=ORIENTED_EDGE('',*,*,#1641,.F.);
#2165=ORIENTED_EDGE('',*,*,#1647,.T.);
#2166=ORIENTED_EDGE('',*,*,#1656,.T.);
#2167=ORIENTED_EDGE('',*,*,#1657,.T.);
#2168=ORIENTED_EDGE('',*,*,#1656,.F.);
#2169=ORIENTED_EDGE('',*,*,#1646,.F.);
#2170=ORIENTED_EDGE('',*,*,#1649,.F.);
#2171=ORIENTED_EDGE('',*,*,#1658,.F.);
#2172=ORIENTED_EDGE('',*,*,#1659,.F.);
#2173=ORIENTED_EDGE('',*,*,#1660,.T.);
#2174=ORIENTED_EDGE('',*,*,#1661,.F.);
#2175=ORIENTED_EDGE('',*,*,#1549,.F.);
#2176=ORIENTED_EDGE('',*,*,#1634,.T.);
#2177=ORIENTED_EDGE('',*,*,#1662,.F.);
#2178=ORIENTED_EDGE('',*,*,#1660,.F.);
#2179=ORIENTED_EDGE('',*,*,#1663,.F.);
#2180=ORIENTED_EDGE('',*,*,#1558,.F.);
#2181=ORIENTED_EDGE('',*,*,#1664,.F.);
#2182=ORIENTED_EDGE('',*,*,#1631,.T.);
#2183=ORIENTED_EDGE('',*,*,#1665,.T.);
#2184=ORIENTED_EDGE('',*,*,#1665,.F.);
#2185=ORIENTED_EDGE('',*,*,#1666,.T.);
#2186=ORIENTED_EDGE('',*,*,#1667,.F.);
#2187=ORIENTED_EDGE('',*,*,#1668,.F.);
#2188=ORIENTED_EDGE('',*,*,#1669,.F.);
#2189=ORIENTED_EDGE('',*,*,#1666,.F.);
#2190=ORIENTED_EDGE('',*,*,#1519,.F.);
#2191=ORIENTED_EDGE('',*,*,#1670,.F.);
#2192=ORIENTED_EDGE('',*,*,#1671,.F.);
#2193=ORIENTED_EDGE('',*,*,#1527,.T.);
#2194=ORIENTED_EDGE('',*,*,#1517,.F.);
#2195=ORIENTED_EDGE('',*,*,#1672,.F.);
#2196=ORIENTED_EDGE('',*,*,#1673,.F.);
#2197=ORIENTED_EDGE('',*,*,#1670,.T.);
#2198=ORIENTED_EDGE('',*,*,#1514,.F.);
#2199=ORIENTED_EDGE('',*,*,#1674,.F.);
#2200=ORIENTED_EDGE('',*,*,#1675,.F.);
#2201=ORIENTED_EDGE('',*,*,#1672,.T.);
#2202=ORIENTED_EDGE('',*,*,#1511,.F.);
#2203=ORIENTED_EDGE('',*,*,#1522,.F.);
#2204=ORIENTED_EDGE('',*,*,#1676,.F.);
#2205=ORIENTED_EDGE('',*,*,#1674,.T.);
#2206=ORIENTED_EDGE('',*,*,#1677,.T.);
#2207=ORIENTED_EDGE('',*,*,#1678,.T.);
#2208=ORIENTED_EDGE('',*,*,#1679,.T.);
#2209=ORIENTED_EDGE('',*,*,#1680,.F.);
#2210=ORIENTED_EDGE('',*,*,#1681,.T.);
#2211=ORIENTED_EDGE('',*,*,#1679,.F.);
#2212=ORIENTED_EDGE('',*,*,#1682,.T.);
#2213=ORIENTED_EDGE('',*,*,#1683,.F.);
#2214=ORIENTED_EDGE('',*,*,#1684,.F.);
#2215=ORIENTED_EDGE('',*,*,#1685,.T.);
#2216=ORIENTED_EDGE('',*,*,#1686,.F.);
#2217=ORIENTED_EDGE('',*,*,#1677,.F.);
#2218=ORIENTED_EDGE('',*,*,#1681,.F.);
#2219=ORIENTED_EDGE('',*,*,#1687,.T.);
#2220=ORIENTED_EDGE('',*,*,#1688,.F.);
#2221=ORIENTED_EDGE('',*,*,#1689,.F.);
#2222=ORIENTED_EDGE('',*,*,#1683,.T.);
#2223=ORIENTED_EDGE('',*,*,#1682,.F.);
#2224=ORIENTED_EDGE('',*,*,#1690,.T.);
#2225=ORIENTED_EDGE('',*,*,#1691,.T.);
#2226=ORIENTED_EDGE('',*,*,#1690,.F.);
#2227=ORIENTED_EDGE('',*,*,#1678,.F.);
#2228=ORIENTED_EDGE('',*,*,#1692,.T.);
#2229=ORIENTED_EDGE('',*,*,#1693,.T.);
#2230=ORIENTED_EDGE('',*,*,#1692,.F.);
#2231=ORIENTED_EDGE('',*,*,#1686,.T.);
#2232=ORIENTED_EDGE('',*,*,#1685,.F.);
#2233=ORIENTED_EDGE('',*,*,#1694,.F.);
#2234=ORIENTED_EDGE('',*,*,#1695,.T.);
#2235=ORIENTED_EDGE('',*,*,#1696,.T.);
#2236=ORIENTED_EDGE('',*,*,#1695,.F.);
#2237=ORIENTED_EDGE('',*,*,#1697,.F.);
#2238=ORIENTED_EDGE('',*,*,#1688,.T.);
#2239=ORIENTED_EDGE('',*,*,#1693,.F.);
#2240=ORIENTED_EDGE('',*,*,#1696,.F.);
#2241=ORIENTED_EDGE('',*,*,#1687,.F.);
#2242=ORIENTED_EDGE('',*,*,#1691,.F.);
#2243=ORIENTED_EDGE('',*,*,#1559,.T.);
#2244=ORIENTED_EDGE('',*,*,#1663,.T.);
#2245=ORIENTED_EDGE('',*,*,#1698,.T.);
#2246=ORIENTED_EDGE('',*,*,#1547,.F.);
#2247=ORIENTED_EDGE('',*,*,#1659,.T.);
#2248=ORIENTED_EDGE('',*,*,#1548,.F.);
#2249=ORIENTED_EDGE('',*,*,#1698,.F.);
#2250=ORIENTED_EDGE('',*,*,#1699,.T.);
#2251=ORIENTED_EDGE('',*,*,#1567,.F.);
#2252=ORIENTED_EDGE('',*,*,#1700,.F.);
#2253=ORIENTED_EDGE('',*,*,#1701,.T.);
#2254=ORIENTED_EDGE('',*,*,#1702,.T.);
#2255=ORIENTED_EDGE('',*,*,#1701,.F.);
#2256=ORIENTED_EDGE('',*,*,#1703,.F.);
#2257=ORIENTED_EDGE('',*,*,#1564,.T.);
#2258=ORIENTED_EDGE('',*,*,#1704,.T.);
#2259=ORIENTED_EDGE('',*,*,#1667,.T.);
#2260=ORIENTED_EDGE('',*,*,#1669,.T.);
#2261=ORIENTED_EDGE('',*,*,#1563,.F.);
#2262=ORIENTED_EDGE('',*,*,#1568,.F.);
#2263=ORIENTED_EDGE('',*,*,#1699,.F.);
#2264=ORIENTED_EDGE('',*,*,#1702,.F.);
#2265=ORIENTED_EDGE('',*,*,#1705,.F.);
#2266=ORIENTED_EDGE('',*,*,#1704,.F.);
#2267=ORIENTED_EDGE('',*,*,#1668,.T.);
#2268=ORIENTED_EDGE('',*,*,#1705,.T.);
#2269=ORIENTED_EDGE('',*,*,#1706,.T.);
#2270=ORIENTED_EDGE('',*,*,#1707,.T.);
#2271=ORIENTED_EDGE('',*,*,#1708,.T.);
#2272=ORIENTED_EDGE('',*,*,#1709,.F.);
#2273=ORIENTED_EDGE('',*,*,#1710,.T.);
#2274=ORIENTED_EDGE('',*,*,#1708,.F.);
#2275=ORIENTED_EDGE('',*,*,#1711,.T.);
#2276=ORIENTED_EDGE('',*,*,#1712,.F.);
#2277=ORIENTED_EDGE('',*,*,#1537,.F.);
#2278=ORIENTED_EDGE('',*,*,#1713,.F.);
#2279=ORIENTED_EDGE('',*,*,#1714,.T.);
#2280=ORIENTED_EDGE('',*,*,#1715,.F.);
#2281=ORIENTED_EDGE('',*,*,#1706,.F.);
#2282=ORIENTED_EDGE('',*,*,#1710,.F.);
#2283=ORIENTED_EDGE('',*,*,#1538,.T.);
#2284=ORIENTED_EDGE('',*,*,#1712,.T.);
#2285=ORIENTED_EDGE('',*,*,#1711,.F.);
#2286=ORIENTED_EDGE('',*,*,#1716,.T.);
#2287=ORIENTED_EDGE('',*,*,#1717,.T.);
#2288=ORIENTED_EDGE('',*,*,#1718,.F.);
#2289=ORIENTED_EDGE('',*,*,#1719,.T.);
#2290=ORIENTED_EDGE('',*,*,#1716,.F.);
#2291=ORIENTED_EDGE('',*,*,#1707,.F.);
#2292=ORIENTED_EDGE('',*,*,#1720,.T.);
#2293=ORIENTED_EDGE('',*,*,#1540,.T.);
#2294=ORIENTED_EDGE('',*,*,#1721,.T.);
#2295=ORIENTED_EDGE('',*,*,#1722,.T.);
#2296=ORIENTED_EDGE('',*,*,#1720,.F.);
#2297=ORIENTED_EDGE('',*,*,#1715,.T.);
#2298=ORIENTED_EDGE('',*,*,#1714,.F.);
#2299=ORIENTED_EDGE('',*,*,#1723,.F.);
#2300=ORIENTED_EDGE('',*,*,#1539,.T.);
#2301=ORIENTED_EDGE('',*,*,#1718,.T.);
#2302=ORIENTED_EDGE('',*,*,#1724,.T.);
#2303=ORIENTED_EDGE('',*,*,#1721,.F.);
#2304=ORIENTED_EDGE('',*,*,#1722,.F.);
#2305=ORIENTED_EDGE('',*,*,#1724,.F.);
#2306=ORIENTED_EDGE('',*,*,#1717,.F.);
#2307=ORIENTED_EDGE('',*,*,#1719,.F.);
#2308=ORIENTED_EDGE('',*,*,#1725,.F.);
#2309=ORIENTED_EDGE('',*,*,#1726,.F.);
#2310=ORIENTED_EDGE('',*,*,#1727,.F.);
#2311=ORIENTED_EDGE('',*,*,#1728,.F.);
#2312=ORIENTED_EDGE('',*,*,#1577,.T.);
#2313=ORIENTED_EDGE('',*,*,#1581,.T.);
#2314=ORIENTED_EDGE('',*,*,#1582,.T.);
#2315=ORIENTED_EDGE('',*,*,#1729,.T.);
#2316=ORIENTED_EDGE('',*,*,#1730,.T.);
#2317=ORIENTED_EDGE('',*,*,#1731,.T.);
#2318=ORIENTED_EDGE('',*,*,#1726,.T.);
#2319=ORIENTED_EDGE('',*,*,#1732,.T.);
#2320=ORIENTED_EDGE('',*,*,#1615,.T.);
#2321=ORIENTED_EDGE('',*,*,#1733,.T.);
#2322=ORIENTED_EDGE('',*,*,#1727,.T.);
#2323=ORIENTED_EDGE('',*,*,#1734,.T.);
#2324=ORIENTED_EDGE('',*,*,#1735,.T.);
#2325=ORIENTED_EDGE('',*,*,#1736,.T.);
#2326=ORIENTED_EDGE('',*,*,#1728,.T.);
#2327=ORIENTED_EDGE('',*,*,#1733,.F.);
#2328=ORIENTED_EDGE('',*,*,#1737,.F.);
#2329=ORIENTED_EDGE('',*,*,#1734,.F.);
#2330=ORIENTED_EDGE('',*,*,#1731,.F.);
#2331=ORIENTED_EDGE('',*,*,#1738,.F.);
#2332=ORIENTED_EDGE('',*,*,#1732,.F.);
#2333=ORIENTED_EDGE('',*,*,#1739,.T.);
#2334=ORIENTED_EDGE('',*,*,#1530,.T.);
#2335=ORIENTED_EDGE('',*,*,#1740,.T.);
#2336=ORIENTED_EDGE('',*,*,#1725,.T.);
#2337=ORIENTED_EDGE('',*,*,#1736,.F.);
#2338=ORIENTED_EDGE('',*,*,#1741,.F.);
#2339=ORIENTED_EDGE('',*,*,#1739,.F.);
#2340=ORIENTED_EDGE('',*,*,#1740,.F.);
#2341=ORIENTED_EDGE('',*,*,#1742,.F.);
#2342=ORIENTED_EDGE('',*,*,#1729,.F.);
#2343=ORIENTED_EDGE('',*,*,#1531,.T.);
#2344=ORIENTED_EDGE('',*,*,#1741,.T.);
#2345=ORIENTED_EDGE('',*,*,#1743,.T.);
#2346=ORIENTED_EDGE('',*,*,#1607,.F.);
#2347=ORIENTED_EDGE('',*,*,#1743,.F.);
#2348=ORIENTED_EDGE('',*,*,#1735,.F.);
#2349=ORIENTED_EDGE('',*,*,#1744,.T.);
#2350=ORIENTED_EDGE('',*,*,#1608,.F.);
#2351=ORIENTED_EDGE('',*,*,#1744,.F.);
#2352=ORIENTED_EDGE('',*,*,#1737,.T.);
#2353=ORIENTED_EDGE('',*,*,#1614,.T.);
#2354=ORIENTED_EDGE('',*,*,#1609,.F.);
#2355=ORIENTED_EDGE('',*,*,#1536,.F.);
#2356=ORIENTED_EDGE('',*,*,#1745,.T.);
#2357=ORIENTED_EDGE('',*,*,#1746,.T.);
#2358=ORIENTED_EDGE('',*,*,#1697,.T.);
#2359=ORIENTED_EDGE('',*,*,#1694,.T.);
#2360=ORIENTED_EDGE('',*,*,#1684,.T.);
#2361=ORIENTED_EDGE('',*,*,#1680,.T.);
#2362=ORIENTED_EDGE('',*,*,#1689,.T.);
#2363=ORIENTED_EDGE('',*,*,#1747,.T.);
#2364=ORIENTED_EDGE('',*,*,#1650,.T.);
#2365=ORIENTED_EDGE('',*,*,#1643,.T.);
#2366=ORIENTED_EDGE('',*,*,#1639,.T.);
#2367=ORIENTED_EDGE('',*,*,#1655,.F.);
#2368=ORIENTED_EDGE('',*,*,#1748,.T.);
#2369=ORIENTED_EDGE('',*,*,#1653,.T.);
#2370=ORIENTED_EDGE('',*,*,#1620,.F.);
#2371=ORIENTED_EDGE('',*,*,#1624,.T.);
#2372=ORIENTED_EDGE('',*,*,#1632,.T.);
#2373=ORIENTED_EDGE('',*,*,#1664,.T.);
#2374=ORIENTED_EDGE('',*,*,#1557,.T.);
#2375=ORIENTED_EDGE('',*,*,#1561,.T.);
#2376=ORIENTED_EDGE('',*,*,#1565,.T.);
#2377=ORIENTED_EDGE('',*,*,#1703,.T.);
#2378=ORIENTED_EDGE('',*,*,#1700,.T.);
#2379=ORIENTED_EDGE('',*,*,#1566,.F.);
#2380=ORIENTED_EDGE('',*,*,#1541,.F.);
#2381=ORIENTED_EDGE('',*,*,#1723,.T.);
#2382=ORIENTED_EDGE('',*,*,#1713,.T.);
#2383=ORIENTED_EDGE('',*,*,#1709,.T.);
#2384=ORIENTED_EDGE('',*,*,#1535,.T.);
#2385=ORIENTED_EDGE('',*,*,#1569,.T.);
#2386=ORIENTED_EDGE('',*,*,#1579,.T.);
#2387=ORIENTED_EDGE('',*,*,#1571,.F.);
#2388=ORIENTED_EDGE('',*,*,#1552,.T.);
#2389=ORIENTED_EDGE('',*,*,#1749,.F.);
#2390=ORIENTED_EDGE('',*,*,#1750,.T.);
#2391=ORIENTED_EDGE('',*,*,#1745,.F.);
#2392=ORIENTED_EDGE('',*,*,#1528,.T.);
#2393=ORIENTED_EDGE('',*,*,#1671,.T.);
#2394=ORIENTED_EDGE('',*,*,#1673,.T.);
#2395=ORIENTED_EDGE('',*,*,#1675,.T.);
#2396=ORIENTED_EDGE('',*,*,#1676,.T.);
#2397=ORIENTED_EDGE('',*,*,#1521,.T.);
#2398=ORIENTED_EDGE('',*,*,#1524,.T.);
#2399=ORIENTED_EDGE('',*,*,#1526,.T.);
#2400=ORIENTED_EDGE('',*,*,#1616,.F.);
#2401=ORIENTED_EDGE('',*,*,#1738,.T.);
#2402=ORIENTED_EDGE('',*,*,#1751,.T.);
#2403=ORIENTED_EDGE('',*,*,#1611,.F.);
#2404=ORIENTED_EDGE('',*,*,#1751,.F.);
#2405=ORIENTED_EDGE('',*,*,#1730,.F.);
#2406=ORIENTED_EDGE('',*,*,#1752,.F.);
#2407=ORIENTED_EDGE('',*,*,#1612,.F.);
#2408=ORIENTED_EDGE('',*,*,#1752,.T.);
#2409=ORIENTED_EDGE('',*,*,#1742,.T.);
#2410=ORIENTED_EDGE('',*,*,#1529,.T.);
#2411=ORIENTED_EDGE('',*,*,#1613,.F.);
#2412=ORIENTED_EDGE('',*,*,#1753,.F.);
#2413=ORIENTED_EDGE('',*,*,#1550,.F.);
#2414=ORIENTED_EDGE('',*,*,#1661,.T.);
#2415=ORIENTED_EDGE('',*,*,#1662,.T.);
#2416=ORIENTED_EDGE('',*,*,#1633,.F.);
#2417=ORIENTED_EDGE('',*,*,#1652,.F.);
#2418=ORIENTED_EDGE('',*,*,#1748,.F.);
#2419=ORIENTED_EDGE('',*,*,#1654,.F.);
#2420=ORIENTED_EDGE('',*,*,#1657,.F.);
#2421=ORIENTED_EDGE('',*,*,#1754,.T.);
#2422=ORIENTED_EDGE('',*,*,#1755,.F.);
#2423=ORIENTED_EDGE('',*,*,#1754,.F.);
#2424=ORIENTED_EDGE('',*,*,#1658,.T.);
#2425=ORIENTED_EDGE('',*,*,#1651,.F.);
#2426=ORIENTED_EDGE('',*,*,#1747,.F.);
#2427=ORIENTED_EDGE('',*,*,#1756,.T.);
#2428=ORIENTED_EDGE('',*,*,#1756,.F.);
#2429=ORIENTED_EDGE('',*,*,#1746,.F.);
#2430=ORIENTED_EDGE('',*,*,#1750,.F.);
#2431=ORIENTED_EDGE('',*,*,#1583,.T.);
#2432=ORIENTED_EDGE('',*,*,#1587,.T.);
#2433=ORIENTED_EDGE('',*,*,#1590,.T.);
#2434=ORIENTED_EDGE('',*,*,#1593,.T.);
#2435=ORIENTED_EDGE('',*,*,#1596,.T.);
#2436=ORIENTED_EDGE('',*,*,#1599,.T.);
#2437=ORIENTED_EDGE('',*,*,#1602,.T.);
#2438=ORIENTED_EDGE('',*,*,#1605,.T.);
#2439=ORIENTED_EDGE('',*,*,#1753,.T.);
#2440=ORIENTED_EDGE('',*,*,#1755,.T.);
#2441=ORIENTED_EDGE('',*,*,#1749,.T.);
#2442=ORIENTED_EDGE('',*,*,#1551,.T.);
#2443=ORIENTED_EDGE('',*,*,#1757,.F.);
#2444=ORIENTED_EDGE('',*,*,#1758,.T.);
#2445=ORIENTED_EDGE('',*,*,#1759,.T.);
#2446=ORIENTED_EDGE('',*,*,#1760,.F.);
#2447=ORIENTED_EDGE('',*,*,#1761,.F.);
#2448=ORIENTED_EDGE('',*,*,#1762,.T.);
#2449=ORIENTED_EDGE('',*,*,#1763,.T.);
#2450=ORIENTED_EDGE('',*,*,#1758,.F.);
#2451=ORIENTED_EDGE('',*,*,#1764,.F.);
#2452=ORIENTED_EDGE('',*,*,#1765,.T.);
#2453=ORIENTED_EDGE('',*,*,#1766,.T.);
#2454=ORIENTED_EDGE('',*,*,#1762,.F.);
#2455=ORIENTED_EDGE('',*,*,#1767,.F.);
#2456=ORIENTED_EDGE('',*,*,#1768,.T.);
#2457=ORIENTED_EDGE('',*,*,#1769,.T.);
#2458=ORIENTED_EDGE('',*,*,#1765,.F.);
#2459=ORIENTED_EDGE('',*,*,#1770,.F.);
#2460=ORIENTED_EDGE('',*,*,#1771,.T.);
#2461=ORIENTED_EDGE('',*,*,#1772,.T.);
#2462=ORIENTED_EDGE('',*,*,#1768,.F.);
#2463=ORIENTED_EDGE('',*,*,#1773,.F.);
#2464=ORIENTED_EDGE('',*,*,#1774,.T.);
#2465=ORIENTED_EDGE('',*,*,#1775,.T.);
#2466=ORIENTED_EDGE('',*,*,#1771,.F.);
#2467=ORIENTED_EDGE('',*,*,#1776,.F.);
#2468=ORIENTED_EDGE('',*,*,#1777,.T.);
#2469=ORIENTED_EDGE('',*,*,#1778,.T.);
#2470=ORIENTED_EDGE('',*,*,#1774,.F.);
#2471=ORIENTED_EDGE('',*,*,#1779,.F.);
#2472=ORIENTED_EDGE('',*,*,#1760,.T.);
#2473=ORIENTED_EDGE('',*,*,#1780,.T.);
#2474=ORIENTED_EDGE('',*,*,#1777,.F.);
#2475=ORIENTED_EDGE('',*,*,#1781,.F.);
#2476=ORIENTED_EDGE('',*,*,#1782,.F.);
#2477=ORIENTED_EDGE('',*,*,#1783,.F.);
#2478=ORIENTED_EDGE('',*,*,#1784,.F.);
#2479=ORIENTED_EDGE('',*,*,#1785,.F.);
#2480=ORIENTED_EDGE('',*,*,#1786,.F.);
#2481=ORIENTED_EDGE('',*,*,#1787,.F.);
#2482=ORIENTED_EDGE('',*,*,#1788,.F.);
#2483=ORIENTED_EDGE('',*,*,#1780,.F.);
#2484=ORIENTED_EDGE('',*,*,#1759,.F.);
#2485=ORIENTED_EDGE('',*,*,#1763,.F.);
#2486=ORIENTED_EDGE('',*,*,#1766,.F.);
#2487=ORIENTED_EDGE('',*,*,#1769,.F.);
#2488=ORIENTED_EDGE('',*,*,#1772,.F.);
#2489=ORIENTED_EDGE('',*,*,#1775,.F.);
#2490=ORIENTED_EDGE('',*,*,#1778,.F.);
#2491=ORIENTED_EDGE('',*,*,#1786,.T.);
#2492=ORIENTED_EDGE('',*,*,#1789,.F.);
#2493=ORIENTED_EDGE('',*,*,#1790,.F.);
#2494=ORIENTED_EDGE('',*,*,#1791,.F.);
#2495=ORIENTED_EDGE('',*,*,#1785,.T.);
#2496=ORIENTED_EDGE('',*,*,#1792,.T.);
#2497=ORIENTED_EDGE('',*,*,#1793,.F.);
#2498=ORIENTED_EDGE('',*,*,#1789,.T.);
#2499=ORIENTED_EDGE('',*,*,#1784,.T.);
#2500=ORIENTED_EDGE('',*,*,#1794,.F.);
#2501=ORIENTED_EDGE('',*,*,#1795,.F.);
#2502=ORIENTED_EDGE('',*,*,#1792,.F.);
#2503=ORIENTED_EDGE('',*,*,#1783,.T.);
#2504=ORIENTED_EDGE('',*,*,#1796,.T.);
#2505=ORIENTED_EDGE('',*,*,#1797,.F.);
#2506=ORIENTED_EDGE('',*,*,#1794,.T.);
#2507=ORIENTED_EDGE('',*,*,#1757,.T.);
#2508=ORIENTED_EDGE('',*,*,#1779,.T.);
#2509=ORIENTED_EDGE('',*,*,#1776,.T.);
#2510=ORIENTED_EDGE('',*,*,#1773,.T.);
#2511=ORIENTED_EDGE('',*,*,#1770,.T.);
#2512=ORIENTED_EDGE('',*,*,#1767,.T.);
#2513=ORIENTED_EDGE('',*,*,#1764,.T.);
#2514=ORIENTED_EDGE('',*,*,#1761,.T.);
#2515=ORIENTED_EDGE('',*,*,#1798,.F.);
#2516=ORIENTED_EDGE('',*,*,#1799,.F.);
#2517=ORIENTED_EDGE('',*,*,#1800,.F.);
#2518=ORIENTED_EDGE('',*,*,#1801,.F.);
#2519=ORIENTED_EDGE('',*,*,#1800,.T.);
#2520=ORIENTED_EDGE('',*,*,#1802,.T.);
#2521=ORIENTED_EDGE('',*,*,#1803,.T.);
#2522=ORIENTED_EDGE('',*,*,#1804,.T.);
#2523=ORIENTED_EDGE('',*,*,#1799,.T.);
#2524=ORIENTED_EDGE('',*,*,#1805,.T.);
#2525=ORIENTED_EDGE('',*,*,#1806,.T.);
#2526=ORIENTED_EDGE('',*,*,#1802,.F.);
#2527=ORIENTED_EDGE('',*,*,#1781,.T.);
#2528=ORIENTED_EDGE('',*,*,#1807,.T.);
#2529=ORIENTED_EDGE('',*,*,#1808,.F.);
#2530=ORIENTED_EDGE('',*,*,#1809,.T.);
#2531=ORIENTED_EDGE('',*,*,#1788,.T.);
#2532=ORIENTED_EDGE('',*,*,#1810,.F.);
#2533=ORIENTED_EDGE('',*,*,#1811,.F.);
#2534=ORIENTED_EDGE('',*,*,#1807,.F.);
#2535=ORIENTED_EDGE('',*,*,#1787,.T.);
#2536=ORIENTED_EDGE('',*,*,#1791,.T.);
#2537=ORIENTED_EDGE('',*,*,#1812,.F.);
#2538=ORIENTED_EDGE('',*,*,#1810,.T.);
#2539=ORIENTED_EDGE('',*,*,#1798,.T.);
#2540=ORIENTED_EDGE('',*,*,#1813,.T.);
#2541=ORIENTED_EDGE('',*,*,#1814,.T.);
#2542=ORIENTED_EDGE('',*,*,#1805,.F.);
#2543=ORIENTED_EDGE('',*,*,#1801,.T.);
#2544=ORIENTED_EDGE('',*,*,#1804,.F.);
#2545=ORIENTED_EDGE('',*,*,#1815,.F.);
#2546=ORIENTED_EDGE('',*,*,#1813,.F.);
#2547=ORIENTED_EDGE('',*,*,#1816,.T.);
#2548=ORIENTED_EDGE('',*,*,#1795,.T.);
#2549=ORIENTED_EDGE('',*,*,#1817,.T.);
#2550=ORIENTED_EDGE('',*,*,#1818,.T.);
#2551=ORIENTED_EDGE('',*,*,#1819,.T.);
#2552=ORIENTED_EDGE('',*,*,#1790,.T.);
#2553=ORIENTED_EDGE('',*,*,#1820,.T.);
#2554=ORIENTED_EDGE('',*,*,#1821,.T.);
#2555=ORIENTED_EDGE('',*,*,#1820,.F.);
#2556=ORIENTED_EDGE('',*,*,#1793,.T.);
#2557=ORIENTED_EDGE('',*,*,#1816,.F.);
#2558=ORIENTED_EDGE('',*,*,#1822,.T.);
#2559=ORIENTED_EDGE('',*,*,#1811,.T.);
#2560=ORIENTED_EDGE('',*,*,#1823,.T.);
#2561=ORIENTED_EDGE('',*,*,#1824,.T.);
#2562=ORIENTED_EDGE('',*,*,#1823,.F.);
#2563=ORIENTED_EDGE('',*,*,#1812,.T.);
#2564=ORIENTED_EDGE('',*,*,#1819,.F.);
#2565=ORIENTED_EDGE('',*,*,#1825,.T.);
#2566=ORIENTED_EDGE('',*,*,#1826,.T.);
#2567=ORIENTED_EDGE('',*,*,#1827,.T.);
#2568=ORIENTED_EDGE('',*,*,#1828,.T.);
#2569=ORIENTED_EDGE('',*,*,#1827,.F.);
#2570=ORIENTED_EDGE('',*,*,#1808,.T.);
#2571=ORIENTED_EDGE('',*,*,#1822,.F.);
#2572=ORIENTED_EDGE('',*,*,#1817,.F.);
#2573=ORIENTED_EDGE('',*,*,#1797,.T.);
#2574=ORIENTED_EDGE('',*,*,#1825,.F.);
#2575=ORIENTED_EDGE('',*,*,#1782,.T.);
#2576=ORIENTED_EDGE('',*,*,#1809,.F.);
#2577=ORIENTED_EDGE('',*,*,#1826,.F.);
#2578=ORIENTED_EDGE('',*,*,#1796,.F.);
#2579=ORIENTED_EDGE('',*,*,#1818,.F.);
#2580=ORIENTED_EDGE('',*,*,#1828,.F.);
#2581=ORIENTED_EDGE('',*,*,#1824,.F.);
#2582=ORIENTED_EDGE('',*,*,#1821,.F.);
#2583=ORIENTED_EDGE('',*,*,#1815,.T.);
#2584=ORIENTED_EDGE('',*,*,#1803,.F.);
#2585=ORIENTED_EDGE('',*,*,#1806,.F.);
#2586=ORIENTED_EDGE('',*,*,#1814,.F.);
#2587=ORIENTED_EDGE('',*,*,#1829,.F.);
#2588=ORIENTED_EDGE('',*,*,#1830,.F.);
#2589=ORIENTED_EDGE('',*,*,#1831,.T.);
#2590=ORIENTED_EDGE('',*,*,#1832,.F.);
#2591=ORIENTED_EDGE('',*,*,#1833,.F.);
#2592=ORIENTED_EDGE('',*,*,#1834,.T.);
#2593=ORIENTED_EDGE('',*,*,#1835,.T.);
#2594=ORIENTED_EDGE('',*,*,#1836,.F.);
#2595=ORIENTED_EDGE('',*,*,#1837,.F.);
#2596=ORIENTED_EDGE('',*,*,#1832,.T.);
#2597=ORIENTED_EDGE('',*,*,#1838,.T.);
#2598=ORIENTED_EDGE('',*,*,#1834,.F.);
#2599=ORIENTED_EDGE('',*,*,#1838,.F.);
#2600=ORIENTED_EDGE('',*,*,#1831,.F.);
#2601=ORIENTED_EDGE('',*,*,#1839,.F.);
#2602=ORIENTED_EDGE('',*,*,#1835,.F.);
#2603=ORIENTED_EDGE('',*,*,#1836,.T.);
#2604=ORIENTED_EDGE('',*,*,#1839,.T.);
#2605=ORIENTED_EDGE('',*,*,#1830,.T.);
#2606=ORIENTED_EDGE('',*,*,#1840,.T.);
#2607=ORIENTED_EDGE('',*,*,#1841,.T.);
#2608=ORIENTED_EDGE('',*,*,#1842,.F.);
#2609=ORIENTED_EDGE('',*,*,#1843,.T.);
#2610=ORIENTED_EDGE('',*,*,#1833,.T.);
#2611=ORIENTED_EDGE('',*,*,#1843,.F.);
#2612=ORIENTED_EDGE('',*,*,#1844,.T.);
#2613=ORIENTED_EDGE('',*,*,#1845,.F.);
#2614=ORIENTED_EDGE('',*,*,#1846,.F.);
#2615=ORIENTED_EDGE('',*,*,#1840,.F.);
#2616=ORIENTED_EDGE('',*,*,#1829,.T.);
#2617=ORIENTED_EDGE('',*,*,#1837,.T.);
#2618=ORIENTED_EDGE('',*,*,#1841,.F.);
#2619=ORIENTED_EDGE('',*,*,#1846,.T.);
#2620=ORIENTED_EDGE('',*,*,#1847,.F.);
#2621=ORIENTED_EDGE('',*,*,#1848,.F.);
#2622=ORIENTED_EDGE('',*,*,#1842,.T.);
#2623=ORIENTED_EDGE('',*,*,#1848,.T.);
#2624=ORIENTED_EDGE('',*,*,#1849,.F.);
#2625=ORIENTED_EDGE('',*,*,#1844,.F.);
#2626=ORIENTED_EDGE('',*,*,#1849,.T.);
#2627=ORIENTED_EDGE('',*,*,#1847,.T.);
#2628=ORIENTED_EDGE('',*,*,#1845,.T.);
#2629=ORIENTED_EDGE('',*,*,#1850,.T.);
#2630=ORIENTED_EDGE('',*,*,#1851,.T.);
#2631=ORIENTED_EDGE('',*,*,#1852,.T.);
#2632=ORIENTED_EDGE('',*,*,#1853,.T.);
#2633=ORIENTED_EDGE('',*,*,#1854,.T.);
#2634=ORIENTED_EDGE('',*,*,#1855,.T.);
#2635=ORIENTED_EDGE('',*,*,#1856,.T.);
#2636=ORIENTED_EDGE('',*,*,#1857,.T.);
#2637=ORIENTED_EDGE('',*,*,#1856,.F.);
#2638=ORIENTED_EDGE('',*,*,#1850,.F.);
#2639=ORIENTED_EDGE('',*,*,#1858,.T.);
#2640=ORIENTED_EDGE('',*,*,#1859,.F.);
#2641=ORIENTED_EDGE('',*,*,#1860,.T.);
#2642=ORIENTED_EDGE('',*,*,#1854,.F.);
#2643=ORIENTED_EDGE('',*,*,#1861,.T.);
#2644=ORIENTED_EDGE('',*,*,#1862,.F.);
#2645=ORIENTED_EDGE('',*,*,#1851,.F.);
#2646=ORIENTED_EDGE('',*,*,#1855,.F.);
#2647=ORIENTED_EDGE('',*,*,#1860,.F.);
#2648=ORIENTED_EDGE('',*,*,#1863,.T.);
#2649=ORIENTED_EDGE('',*,*,#1864,.F.);
#2650=ORIENTED_EDGE('',*,*,#1865,.F.);
#2651=ORIENTED_EDGE('',*,*,#1859,.T.);
#2652=ORIENTED_EDGE('',*,*,#1866,.F.);
#2653=ORIENTED_EDGE('',*,*,#1867,.F.);
#2654=ORIENTED_EDGE('',*,*,#1863,.F.);
#2655=ORIENTED_EDGE('',*,*,#1868,.T.);
#2656=ORIENTED_EDGE('',*,*,#1869,.T.);
#2657=ORIENTED_EDGE('',*,*,#1870,.T.);
#2658=ORIENTED_EDGE('',*,*,#1871,.T.);
#2659=ORIENTED_EDGE('',*,*,#1872,.T.);
#2660=ORIENTED_EDGE('',*,*,#1873,.T.);
#2661=ORIENTED_EDGE('',*,*,#1874,.T.);
#2662=ORIENTED_EDGE('',*,*,#1875,.T.);
#2663=ORIENTED_EDGE('',*,*,#1872,.F.);
#2664=ORIENTED_EDGE('',*,*,#1870,.F.);
#2665=ORIENTED_EDGE('',*,*,#1876,.T.);
#2666=ORIENTED_EDGE('',*,*,#1877,.F.);
#2667=ORIENTED_EDGE('',*,*,#1878,.T.);
#2668=ORIENTED_EDGE('',*,*,#1868,.F.);
#2669=ORIENTED_EDGE('',*,*,#1879,.T.);
#2670=ORIENTED_EDGE('',*,*,#1880,.F.);
#2671=ORIENTED_EDGE('',*,*,#1877,.T.);
#2672=ORIENTED_EDGE('',*,*,#1881,.T.);
#2673=ORIENTED_EDGE('',*,*,#1882,.T.);
#2674=ORIENTED_EDGE('',*,*,#1883,.T.);
#2675=ORIENTED_EDGE('',*,*,#1884,.F.);
#2676=ORIENTED_EDGE('',*,*,#1880,.T.);
#2677=ORIENTED_EDGE('',*,*,#1885,.F.);
#2678=ORIENTED_EDGE('',*,*,#1886,.F.);
#2679=ORIENTED_EDGE('',*,*,#1881,.F.);
#2680=ORIENTED_EDGE('',*,*,#1879,.F.);
#2681=ORIENTED_EDGE('',*,*,#1871,.F.);
#2682=ORIENTED_EDGE('',*,*,#1875,.F.);
#2683=ORIENTED_EDGE('',*,*,#1887,.F.);
#2684=ORIENTED_EDGE('',*,*,#1888,.T.);
#2685=ORIENTED_EDGE('',*,*,#1885,.T.);
#2686=ORIENTED_EDGE('',*,*,#1858,.F.);
#2687=ORIENTED_EDGE('',*,*,#1889,.T.);
#2688=ORIENTED_EDGE('',*,*,#1876,.F.);
#2689=ORIENTED_EDGE('',*,*,#1890,.T.);
#2690=ORIENTED_EDGE('',*,*,#1853,.F.);
#2691=ORIENTED_EDGE('',*,*,#1891,.F.);
#2692=ORIENTED_EDGE('',*,*,#1873,.F.);
#2693=ORIENTED_EDGE('',*,*,#1889,.F.);
#2694=ORIENTED_EDGE('',*,*,#1862,.T.);
#2695=ORIENTED_EDGE('',*,*,#1892,.T.);
#2696=ORIENTED_EDGE('',*,*,#1893,.T.);
#2697=ORIENTED_EDGE('',*,*,#1894,.T.);
#2698=ORIENTED_EDGE('',*,*,#1866,.T.);
#2699=ORIENTED_EDGE('',*,*,#1861,.F.);
#2700=ORIENTED_EDGE('',*,*,#1895,.T.);
#2701=ORIENTED_EDGE('',*,*,#1878,.F.);
#2702=ORIENTED_EDGE('',*,*,#1884,.T.);
#2703=ORIENTED_EDGE('',*,*,#1896,.T.);
#2704=ORIENTED_EDGE('',*,*,#1892,.F.);
#2705=ORIENTED_EDGE('',*,*,#1897,.T.);
#2706=ORIENTED_EDGE('',*,*,#1893,.F.);
#2707=ORIENTED_EDGE('',*,*,#1898,.T.);
#2708=ORIENTED_EDGE('',*,*,#1899,.F.);
#2709=ORIENTED_EDGE('',*,*,#1900,.F.);
#2710=ORIENTED_EDGE('',*,*,#1901,.T.);
#2711=ORIENTED_EDGE('',*,*,#1896,.F.);
#2712=ORIENTED_EDGE('',*,*,#1902,.F.);
#2713=ORIENTED_EDGE('',*,*,#1903,.F.);
#2714=ORIENTED_EDGE('',*,*,#1898,.F.);
#2715=ORIENTED_EDGE('',*,*,#1883,.F.);
#2716=ORIENTED_EDGE('',*,*,#1904,.T.);
#2717=ORIENTED_EDGE('',*,*,#1905,.F.);
#2718=ORIENTED_EDGE('',*,*,#1906,.F.);
#2719=ORIENTED_EDGE('',*,*,#1907,.F.);
#2720=ORIENTED_EDGE('',*,*,#1902,.T.);
#2721=ORIENTED_EDGE('',*,*,#1904,.F.);
#2722=ORIENTED_EDGE('',*,*,#1882,.F.);
#2723=ORIENTED_EDGE('',*,*,#1886,.T.);
#2724=ORIENTED_EDGE('',*,*,#1888,.F.);
#2725=ORIENTED_EDGE('',*,*,#1908,.F.);
#2726=ORIENTED_EDGE('',*,*,#1864,.T.);
#2727=ORIENTED_EDGE('',*,*,#1867,.T.);
#2728=ORIENTED_EDGE('',*,*,#1894,.F.);
#2729=ORIENTED_EDGE('',*,*,#1897,.F.);
#2730=ORIENTED_EDGE('',*,*,#1909,.F.);
#2731=ORIENTED_EDGE('',*,*,#1857,.F.);
#2732=ORIENTED_EDGE('',*,*,#1890,.F.);
#2733=ORIENTED_EDGE('',*,*,#1869,.F.);
#2734=ORIENTED_EDGE('',*,*,#1895,.F.);
#2735=ORIENTED_EDGE('',*,*,#1909,.T.);
#2736=ORIENTED_EDGE('',*,*,#1901,.F.);
#2737=ORIENTED_EDGE('',*,*,#1910,.F.);
#2738=ORIENTED_EDGE('',*,*,#1905,.T.);
#2739=ORIENTED_EDGE('',*,*,#1899,.T.);
#2740=ORIENTED_EDGE('',*,*,#1903,.T.);
#2741=ORIENTED_EDGE('',*,*,#1907,.T.);
#2742=ORIENTED_EDGE('',*,*,#1911,.T.);
#2743=ORIENTED_EDGE('',*,*,#1912,.T.);
#2744=ORIENTED_EDGE('',*,*,#1913,.F.);
#2745=ORIENTED_EDGE('',*,*,#1914,.T.);
#2746=ORIENTED_EDGE('',*,*,#1900,.T.);
#2747=ORIENTED_EDGE('',*,*,#1914,.F.);
#2748=ORIENTED_EDGE('',*,*,#1915,.T.);
#2749=ORIENTED_EDGE('',*,*,#1916,.F.);
#2750=ORIENTED_EDGE('',*,*,#1917,.F.);
#2751=ORIENTED_EDGE('',*,*,#1911,.F.);
#2752=ORIENTED_EDGE('',*,*,#1906,.T.);
#2753=ORIENTED_EDGE('',*,*,#1910,.T.);
#2754=ORIENTED_EDGE('',*,*,#1912,.F.);
#2755=ORIENTED_EDGE('',*,*,#1917,.T.);
#2756=ORIENTED_EDGE('',*,*,#1918,.F.);
#2757=ORIENTED_EDGE('',*,*,#1919,.F.);
#2758=ORIENTED_EDGE('',*,*,#1913,.T.);
#2759=ORIENTED_EDGE('',*,*,#1919,.T.);
#2760=ORIENTED_EDGE('',*,*,#1920,.F.);
#2761=ORIENTED_EDGE('',*,*,#1915,.F.);
#2762=ORIENTED_EDGE('',*,*,#1920,.T.);
#2763=ORIENTED_EDGE('',*,*,#1918,.T.);
#2764=ORIENTED_EDGE('',*,*,#1916,.T.);
#2765=ORIENTED_EDGE('',*,*,#1908,.T.);
#2766=ORIENTED_EDGE('',*,*,#1887,.T.);
#2767=ORIENTED_EDGE('',*,*,#1874,.F.);
#2768=ORIENTED_EDGE('',*,*,#1891,.T.);
#2769=ORIENTED_EDGE('',*,*,#1852,.F.);
#2770=ORIENTED_EDGE('',*,*,#1865,.T.);
#2771=CYLINDRICAL_SURFACE('',#2994,0.5);
#2772=CYLINDRICAL_SURFACE('',#3001,0.5);
#2773=CYLINDRICAL_SURFACE('',#3007,0.5);
#2774=CYLINDRICAL_SURFACE('',#3013,0.5);
#2775=CYLINDRICAL_SURFACE('',#3018,1.25);
#2776=CYLINDRICAL_SURFACE('',#3021,1.25);
#2777=CYLINDRICAL_SURFACE('',#3042,31.95);
#2778=CYLINDRICAL_SURFACE('',#3046,0.520000000001337);
#2779=CYLINDRICAL_SURFACE('',#3050,0.520000000001335);
#2780=CYLINDRICAL_SURFACE('',#3054,0.520000000001336);
#2781=CYLINDRICAL_SURFACE('',#3058,0.52000000000133);
#2782=CYLINDRICAL_SURFACE('',#3071,1.87504410710161);
#2783=CYLINDRICAL_SURFACE('',#3079,1.87504410710161);
#2784=CYLINDRICAL_SURFACE('',#3088,3.72563616329244);
#2785=CYLINDRICAL_SURFACE('',#3092,1.25);
#2786=CYLINDRICAL_SURFACE('',#3095,1.25);
#2787=CYLINDRICAL_SURFACE('',#3103,1.87504410710161);
#2788=CYLINDRICAL_SURFACE('',#3106,2.90504410710161);
#2789=CYLINDRICAL_SURFACE('',#3110,33.5);
#2790=CYLINDRICAL_SURFACE('',#3122,1.87504410710161);
#2791=CYLINDRICAL_SURFACE('',#3125,2.90504410710161);
#2792=CYLINDRICAL_SURFACE('',#3129,1.5);
#2793=CYLINDRICAL_SURFACE('',#3132,1.5);
#2794=CYLINDRICAL_SURFACE('',#3135,1.5);
#2795=CYLINDRICAL_SURFACE('',#3142,1.5);
#2796=CYLINDRICAL_SURFACE('',#3149,1.5);
#2797=CYLINDRICAL_SURFACE('',#3151,1.5);
#2798=CYLINDRICAL_SURFACE('',#3154,1.5);
#2799=CYLINDRICAL_SURFACE('',#3156,1.5);
#2800=CYLINDRICAL_SURFACE('',#3161,0.5);
#2801=CYLINDRICAL_SURFACE('',#3165,0.499999999999998);
#2802=CYLINDRICAL_SURFACE('',#3169,0.499999999999998);
#2803=CYLINDRICAL_SURFACE('',#3173,0.499999999999998);
#2804=CYLINDRICAL_SURFACE('',#3182,1.5);
#2805=CYLINDRICAL_SURFACE('',#3185,1.5);
#2806=CYLINDRICAL_SURFACE('',#3190,1.5);
#2807=CYLINDRICAL_SURFACE('',#3193,1.5);
#2808=CYLINDRICAL_SURFACE('',#3197,1.5);
#2809=CYLINDRICAL_SURFACE('',#3200,1.5);
#2810=CYLINDRICAL_SURFACE('',#3204,1.5);
#2811=CYLINDRICAL_SURFACE('',#3208,1.5);
#2812=CYLINDRICAL_SURFACE('',#3224,31.9);
#2813=CYLINDRICAL_SURFACE('',#3228,0.5);
#2814=CYLINDRICAL_SURFACE('',#3231,0.5);
#2815=CYLINDRICAL_SURFACE('',#3241,0.5);
#2816=CYLINDRICAL_SURFACE('',#3244,0.5);
#2817=CYLINDRICAL_SURFACE('',#3252,0.7);
#2818=CYLINDRICAL_SURFACE('',#3257,0.5);
#2819=CYLINDRICAL_SURFACE('',#3259,0.7);
#2820=CYLINDRICAL_SURFACE('',#3262,0.7);
#2821=CYLINDRICAL_SURFACE('',#3273,31.9);
#2822=ADVANCED_FACE('',(#184),#2771,.T.);
#2823=ADVANCED_FACE('',(#185),#177,.T.);
#2824=ADVANCED_FACE('',(#186),#2772,.T.);
#2825=ADVANCED_FACE('',(#187),#178,.T.);
#2826=ADVANCED_FACE('',(#188),#2773,.T.);
#2827=ADVANCED_FACE('',(#189),#179,.T.);
#2828=ADVANCED_FACE('',(#190),#2774,.T.);
#2829=ADVANCED_FACE('',(#191),#180,.T.);
#2830=ADVANCED_FACE('',(#192),#2775,.F.);
#2831=ADVANCED_FACE('',(#193),#80,.F.);
#2832=ADVANCED_FACE('',(#194),#2776,.F.);
#2833=ADVANCED_FACE('',(#195),#81,.F.);
#2834=ADVANCED_FACE('',(#196,#71),#82,.T.);
#2835=ADVANCED_FACE('',(#197),#181,.F.);
#2836=ADVANCED_FACE('',(#198),#83,.F.);
#2837=ADVANCED_FACE('',(#199),#84,.T.);
#2838=ADVANCED_FACE('',(#200),#53,.T.);
#2839=ADVANCED_FACE('',(#201),#85,.T.);
#2840=ADVANCED_FACE('',(#202),#86,.F.);
#2841=ADVANCED_FACE('',(#203),#87,.T.);
#2842=ADVANCED_FACE('',(#204),#88,.F.);
#2843=ADVANCED_FACE('',(#205),#89,.F.);
#2844=ADVANCED_FACE('',(#206),#2777,.F.);
#2845=ADVANCED_FACE('',(#207),#90,.F.);
#2846=ADVANCED_FACE('',(#208),#91,.T.);
#2847=ADVANCED_FACE('',(#209),#2778,.F.);
#2848=ADVANCED_FACE('',(#210),#92,.T.);
#2849=ADVANCED_FACE('',(#211),#2779,.F.);
#2850=ADVANCED_FACE('',(#212),#93,.T.);
#2851=ADVANCED_FACE('',(#213),#2780,.F.);
#2852=ADVANCED_FACE('',(#214),#94,.T.);
#2853=ADVANCED_FACE('',(#215),#2781,.F.);
#2854=ADVANCED_FACE('',(#216,#72),#95,.T.);
#2855=ADVANCED_FACE('',(#217),#96,.T.);
#2856=ADVANCED_FACE('',(#218),#97,.T.);
#2857=ADVANCED_FACE('',(#219),#98,.T.);
#2858=ADVANCED_FACE('',(#220),#99,.T.);
#2859=ADVANCED_FACE('',(#221),#2782,.F.);
#2860=ADVANCED_FACE('',(#222),#100,.T.);
#2861=ADVANCED_FACE('',(#223),#101,.T.);
#2862=ADVANCED_FACE('',(#224),#102,.T.);
#2863=ADVANCED_FACE('',(#225),#103,.T.);
#2864=ADVANCED_FACE('',(#226),#104,.T.);
#2865=ADVANCED_FACE('',(#227),#2783,.F.);
#2866=ADVANCED_FACE('',(#228),#105,.T.);
#2867=ADVANCED_FACE('',(#229),#106,.T.);
#2868=ADVANCED_FACE('',(#230),#107,.T.);
#2869=ADVANCED_FACE('',(#231),#108,.T.);
#2870=ADVANCED_FACE('',(#232),#109,.T.);
#2871=ADVANCED_FACE('',(#233,#73),#110,.T.);
#2872=ADVANCED_FACE('',(#234),#2784,.F.);
#2873=ADVANCED_FACE('',(#235),#2785,.F.);
#2874=ADVANCED_FACE('',(#236),#111,.F.);
#2875=ADVANCED_FACE('',(#237),#2786,.F.);
#2876=ADVANCED_FACE('',(#238),#112,.F.);
#2877=ADVANCED_FACE('',(#239),#113,.T.);
#2878=ADVANCED_FACE('',(#240),#114,.T.);
#2879=ADVANCED_FACE('',(#241),#115,.T.);
#2880=ADVANCED_FACE('',(#242),#116,.T.);
#2881=ADVANCED_FACE('',(#243),#2787,.F.);
#2882=ADVANCED_FACE('',(#244),#117,.T.);
#2883=ADVANCED_FACE('',(#245),#2788,.T.);
#2884=ADVANCED_FACE('',(#246),#118,.T.);
#2885=ADVANCED_FACE('',(#247),#2789,.T.);
#2886=ADVANCED_FACE('',(#248),#119,.T.);
#2887=ADVANCED_FACE('',(#249),#120,.F.);
#2888=ADVANCED_FACE('',(#250),#121,.T.);
#2889=ADVANCED_FACE('',(#251),#122,.T.);
#2890=ADVANCED_FACE('',(#252),#123,.T.);
#2891=ADVANCED_FACE('',(#253),#124,.T.);
#2892=ADVANCED_FACE('',(#254),#125,.T.);
#2893=ADVANCED_FACE('',(#255),#126,.T.);
#2894=ADVANCED_FACE('',(#256),#127,.T.);
#2895=ADVANCED_FACE('',(#257),#2790,.F.);
#2896=ADVANCED_FACE('',(#258),#128,.T.);
#2897=ADVANCED_FACE('',(#259),#2791,.T.);
#2898=ADVANCED_FACE('',(#260),#129,.T.);
#2899=ADVANCED_FACE('',(#261,#74),#130,.F.);
#2900=ADVANCED_FACE('',(#262),#2792,.T.);
#2901=ADVANCED_FACE('',(#263),#2793,.T.);
#2902=ADVANCED_FACE('',(#264),#2794,.T.);
#2903=ADVANCED_FACE('',(#265),#43,.T.);
#2904=ADVANCED_FACE('',(#266),#44,.T.);
#2905=ADVANCED_FACE('',(#267),#2795,.T.);
#2906=ADVANCED_FACE('',(#268),#45,.T.);
#2907=ADVANCED_FACE('',(#269),#46,.T.);
#2908=ADVANCED_FACE('',(#270),#2796,.T.);
#2909=ADVANCED_FACE('',(#271),#131,.T.);
#2910=ADVANCED_FACE('',(#272),#2797,.T.);
#2911=ADVANCED_FACE('',(#273),#132,.T.);
#2912=ADVANCED_FACE('',(#274,#75),#133,.F.);
#2913=ADVANCED_FACE('',(#275),#2798,.T.);
#2914=ADVANCED_FACE('',(#276),#134,.T.);
#2915=ADVANCED_FACE('',(#277),#2799,.T.);
#2916=ADVANCED_FACE('',(#278),#135,.F.);
#2917=ADVANCED_FACE('',(#279),#136,.T.);
#2918=ADVANCED_FACE('',(#280,#76),#137,.T.);
#2919=ADVANCED_FACE('',(#281),#138,.F.);
#2920=ADVANCED_FACE('',(#282),#2800,.T.);
#2921=ADVANCED_FACE('',(#283),#139,.F.);
#2922=ADVANCED_FACE('',(#284),#2801,.T.);
#2923=ADVANCED_FACE('',(#285),#140,.F.);
#2924=ADVANCED_FACE('',(#286),#2802,.T.);
#2925=ADVANCED_FACE('',(#287),#141,.F.);
#2926=ADVANCED_FACE('',(#288),#2803,.T.);
#2927=ADVANCED_FACE('',(#289,#77),#142,.F.);
#2928=ADVANCED_FACE('',(#290),#143,.T.);
#2929=ADVANCED_FACE('',(#291),#2804,.T.);
#2930=ADVANCED_FACE('',(#292),#144,.T.);
#2931=ADVANCED_FACE('',(#293),#2805,.T.);
#2932=ADVANCED_FACE('',(#294,#78),#145,.F.);
#2933=ADVANCED_FACE('',(#295),#146,.F.);
#2934=ADVANCED_FACE('',(#296),#147,.F.);
#2935=ADVANCED_FACE('',(#297),#2806,.T.);
#2936=ADVANCED_FACE('',(#298),#148,.T.);
#2937=ADVANCED_FACE('',(#299),#2807,.T.);
#2938=ADVANCED_FACE('',(#300),#149,.F.);
#2939=ADVANCED_FACE('',(#301),#150,.T.);
#2940=ADVANCED_FACE('',(#302),#2808,.T.);
#2941=ADVANCED_FACE('',(#303),#2809,.T.);
#2942=ADVANCED_FACE('',(#304),#47,.T.);
#2943=ADVANCED_FACE('',(#305),#2810,.T.);
#2944=ADVANCED_FACE('',(#306),#48,.T.);
#2945=ADVANCED_FACE('',(#307),#2811,.T.);
#2946=ADVANCED_FACE('',(#308),#49,.T.);
#2947=ADVANCED_FACE('',(#309),#50,.T.);
#2948=ADVANCED_FACE('',(#310),#151,.T.);
#2949=ADVANCED_FACE('',(#311),#152,.T.);
#2950=ADVANCED_FACE('',(#312),#153,.F.);
#2951=ADVANCED_FACE('',(#313),#154,.F.);
#2952=ADVANCED_FACE('',(#314),#155,.F.);
#2953=ADVANCED_FACE('',(#315),#156,.F.);
#2954=ADVANCED_FACE('',(#316),#157,.F.);
#2955=ADVANCED_FACE('',(#317),#158,.F.);
#2956=ADVANCED_FACE('',(#318),#159,.T.);
#2957=ADVANCED_FACE('',(#319),#160,.T.);
#2958=ADVANCED_FACE('',(#320),#2812,.T.);
#2959=ADVANCED_FACE('',(#321),#161,.T.);
#2960=ADVANCED_FACE('',(#322),#2813,.F.);
#2961=ADVANCED_FACE('',(#323),#2814,.F.);
#2962=ADVANCED_FACE('',(#324),#51,.F.);
#2963=ADVANCED_FACE('',(#325),#182,.F.);
#2964=ADVANCED_FACE('',(#326),#162,.F.);
#2965=ADVANCED_FACE('',(#327),#163,.F.);
#2966=ADVANCED_FACE('',(#328),#2815,.F.);
#2967=ADVANCED_FACE('',(#329),#2816,.F.);
#2968=ADVANCED_FACE('',(#330),#52,.F.);
#2969=ADVANCED_FACE('',(#331),#183,.F.);
#2970=ADVANCED_FACE('',(#332),#2817,.T.);
#2971=ADVANCED_FACE('',(#333),#164,.F.);
#2972=ADVANCED_FACE('',(#334),#165,.F.);
#2973=ADVANCED_FACE('',(#335),#2818,.F.);
#2974=ADVANCED_FACE('',(#336),#166,.F.);
#2975=ADVANCED_FACE('',(#337),#2819,.T.);
#2976=ADVANCED_FACE('',(#338),#2820,.T.);
#2977=ADVANCED_FACE('',(#339),#167,.F.);
#2978=ADVANCED_FACE('',(#340),#168,.F.);
#2979=ADVANCED_FACE('',(#341),#169,.F.);
#2980=ADVANCED_FACE('',(#342),#170,.F.);
#2981=ADVANCED_FACE('',(#343),#171,.F.);
#2982=ADVANCED_FACE('',(#344),#172,.F.);
#2983=ADVANCED_FACE('',(#345),#173,.F.);
#2984=ADVANCED_FACE('',(#346),#174,.T.);
#2985=ADVANCED_FACE('',(#347),#175,.T.);
#2986=ADVANCED_FACE('',(#348),#2821,.T.);
#2987=ADVANCED_FACE('',(#349,#79),#176,.T.);
#2988=CLOSED_SHELL('',(#2822,#2823,#2824,#2825,#2826,#2827,#2828,#2829,
#2830,#2831,#2832,#2833,#2834,#2835,#2836,#2837,#2838,#2839,#2840,#2841,
#2842,#2843,#2844,#2845,#2846,#2847,#2848,#2849,#2850,#2851,#2852,#2853,
#2854,#2855,#2856,#2857,#2858,#2859,#2860,#2861,#2862,#2863,#2864,#2865,
#2866,#2867,#2868,#2869,#2870,#2871,#2872,#2873,#2874,#2875,#2876,#2877,
#2878,#2879,#2880,#2881,#2882,#2883,#2884,#2885,#2886,#2887,#2888,#2889,
#2890,#2891,#2892,#2893,#2894,#2895,#2896,#2897,#2898,#2899,#2900,#2901,
#2902,#2903,#2904,#2905,#2906,#2907,#2908,#2909,#2910,#2911,#2912,#2913,
#2914,#2915,#2916,#2917,#2918));
#2989=CLOSED_SHELL('',(#2919,#2920,#2921,#2922,#2923,#2924,#2925,#2926,
#2927,#2928,#2929,#2930,#2931,#2932,#2933,#2934,#2935,#2936,#2937,#2938,
#2939,#2940,#2941,#2942,#2943,#2944,#2945,#2946,#2947,#2948,#2949,#2950));
#2990=CLOSED_SHELL('',(#2951,#2952,#2953,#2954,#2955,#2956,#2957,#2958,
#2959));
#2991=CLOSED_SHELL('',(#2960,#2961,#2962,#2963,#2964,#2965,#2966,#2967,
#2968,#2969,#2970,#2971,#2972,#2973,#2974,#2975,#2976,#2977,#2978,#2979,
#2980,#2981,#2982,#2983,#2984,#2985,#2986,#2987));
#2992=AXIS2_PLACEMENT_3D('',#4146,#3278,#3279);
#2993=AXIS2_PLACEMENT_3D('',#4147,#3280,#3281);
#2994=AXIS2_PLACEMENT_3D('',#4148,#3282,#3283);
#2995=AXIS2_PLACEMENT_3D('',#4151,#3284,#3285);
#2996=AXIS2_PLACEMENT_3D('',#4155,#3287,#3288);
#2997=AXIS2_PLACEMENT_3D('',#4157,#3290,#3291);
#2998=AXIS2_PLACEMENT_3D('',#4160,#3292,#3293);
#2999=AXIS2_PLACEMENT_3D('',#4161,#3294,#3295);
#3000=AXIS2_PLACEMENT_3D('',#4162,#3296,#3297);
#3001=AXIS2_PLACEMENT_3D('',#4163,#3298,#3299);
#3002=AXIS2_PLACEMENT_3D('',#4166,#3300,#3301);
#3003=AXIS2_PLACEMENT_3D('',#4169,#3304,#3305);
#3004=AXIS2_PLACEMENT_3D('',#4172,#3306,#3307);
#3005=AXIS2_PLACEMENT_3D('',#4173,#3308,#3309);
#3006=AXIS2_PLACEMENT_3D('',#4174,#3310,#3311);
#3007=AXIS2_PLACEMENT_3D('',#4175,#3312,#3313);
#3008=AXIS2_PLACEMENT_3D('',#4178,#3314,#3315);
#3009=AXIS2_PLACEMENT_3D('',#4181,#3318,#3319);
#3010=AXIS2_PLACEMENT_3D('',#4184,#3320,#3321);
#3011=AXIS2_PLACEMENT_3D('',#4185,#3322,#3323);
#3012=AXIS2_PLACEMENT_3D('',#4186,#3324,#3325);
#3013=AXIS2_PLACEMENT_3D('',#4187,#3326,#3327);
#3014=AXIS2_PLACEMENT_3D('',#4190,#3328,#3329);
#3015=AXIS2_PLACEMENT_3D('',#4193,#3332,#3333);
#3016=AXIS2_PLACEMENT_3D('',#4194,#3334,#3335);
#3017=AXIS2_PLACEMENT_3D('',#4195,#3336,#3337);
#3018=AXIS2_PLACEMENT_3D('',#4196,#3338,#3339);
#3019=AXIS2_PLACEMENT_3D('',#4200,#3341,#3342);
#3020=AXIS2_PLACEMENT_3D('',#4202,#3344,#3345);
#3021=AXIS2_PLACEMENT_3D('',#4206,#3348,#3349);
#3022=AXIS2_PLACEMENT_3D('',#4209,#3351,#3352);
#3023=AXIS2_PLACEMENT_3D('',#4210,#3353,#3354);
#3024=AXIS2_PLACEMENT_3D('',#4214,#3357,#3358);
#3025=AXIS2_PLACEMENT_3D('',#4223,#3363,#3364);
#3026=AXIS2_PLACEMENT_3D('',#4233,#3365,#3366);
#3027=AXIS2_PLACEMENT_3D('',#4244,#3367,#3368);
#3028=AXIS2_PLACEMENT_3D('',#4275,#3370,#3371);
#3029=AXIS2_PLACEMENT_3D('',#4303,#3372,#3373);
#3030=AXIS2_PLACEMENT_3D('',#4323,#3384,#3385);
#3031=AXIS2_PLACEMENT_3D('',#4325,#3386,#3387);
#3032=AXIS2_PLACEMENT_3D('',#4330,#3390,#3391);
#3033=AXIS2_PLACEMENT_3D('',#4342,#3392,#3393);
#3034=AXIS2_PLACEMENT_3D('',#4344,#3395,#3396);
#3035=AXIS2_PLACEMENT_3D('',#4352,#3401,#3402);
#3036=AXIS2_PLACEMENT_3D('',#4358,#3406,#3407);
#3037=AXIS2_PLACEMENT_3D('',#4361,#3409,#3410);
#3038=AXIS2_PLACEMENT_3D('',#4362,#3411,#3412);
#3039=AXIS2_PLACEMENT_3D('',#4366,#3414,#3415);
#3040=AXIS2_PLACEMENT_3D('',#4371,#3418,#3419);
#3041=AXIS2_PLACEMENT_3D('',#4372,#3420,#3421);
#3042=AXIS2_PLACEMENT_3D('',#4378,#3425,#3426);
#3043=AXIS2_PLACEMENT_3D('',#4382,#3429,#3430);
#3044=AXIS2_PLACEMENT_3D('',#4383,#3431,#3432);
#3045=AXIS2_PLACEMENT_3D('',#4385,#3434,#3435);
#3046=AXIS2_PLACEMENT_3D('',#4394,#3440,#3441);
#3047=AXIS2_PLACEMENT_3D('',#4396,#3442,#3443);
#3048=AXIS2_PLACEMENT_3D('',#4398,#3444,#3445);
#3049=AXIS2_PLACEMENT_3D('',#4400,#3447,#3448);
#3050=AXIS2_PLACEMENT_3D('',#4406,#3452,#3453);
#3051=AXIS2_PLACEMENT_3D('',#4408,#3454,#3455);
#3052=AXIS2_PLACEMENT_3D('',#4410,#3456,#3457);
#3053=AXIS2_PLACEMENT_3D('',#4412,#3459,#3460);
#3054=AXIS2_PLACEMENT_3D('',#4418,#3464,#3465);
#3055=AXIS2_PLACEMENT_3D('',#4420,#3466,#3467);
#3056=AXIS2_PLACEMENT_3D('',#4422,#3468,#3469);
#3057=AXIS2_PLACEMENT_3D('',#4424,#3471,#3472);
#3058=AXIS2_PLACEMENT_3D('',#4430,#3476,#3477);
#3059=AXIS2_PLACEMENT_3D('',#4431,#3478,#3479);
#3060=AXIS2_PLACEMENT_3D('',#4432,#3480,#3481);
#3061=AXIS2_PLACEMENT_3D('',#4433,#3482,#3483);
#3062=AXIS2_PLACEMENT_3D('',#4435,#3484,#3485);
#3063=AXIS2_PLACEMENT_3D('',#4439,#3487,#3488);
#3064=AXIS2_PLACEMENT_3D('',#4443,#3490,#3491);
#3065=AXIS2_PLACEMENT_3D('',#4446,#3493,#3494);
#3066=AXIS2_PLACEMENT_3D('',#4447,#3495,#3496);
#3067=AXIS2_PLACEMENT_3D('',#4453,#3500,#3501);
#3068=AXIS2_PLACEMENT_3D('',#4458,#3503,#3504);
#3069=AXIS2_PLACEMENT_3D('',#4460,#3506,#3507);
#3070=AXIS2_PLACEMENT_3D('',#4468,#3512,#3513);
#3071=AXIS2_PLACEMENT_3D('',#4474,#3517,#3518);
#3072=AXIS2_PLACEMENT_3D('',#4477,#3519,#3520);
#3073=AXIS2_PLACEMENT_3D('',#4480,#3523,#3524);
#3074=AXIS2_PLACEMENT_3D('',#4486,#3528,#3529);
#3075=AXIS2_PLACEMENT_3D('',#4492,#3533,#3534);
#3076=AXIS2_PLACEMENT_3D('',#4497,#3536,#3537);
#3077=AXIS2_PLACEMENT_3D('',#4499,#3539,#3540);
#3078=AXIS2_PLACEMENT_3D('',#4507,#3545,#3546);
#3079=AXIS2_PLACEMENT_3D('',#4513,#3550,#3551);
#3080=AXIS2_PLACEMENT_3D('',#4516,#3552,#3553);
#3081=AXIS2_PLACEMENT_3D('',#4519,#3556,#3557);
#3082=AXIS2_PLACEMENT_3D('',#4525,#3561,#3562);
#3083=AXIS2_PLACEMENT_3D('',#4529,#3565,#3566);
#3084=AXIS2_PLACEMENT_3D('',#4535,#3570,#3571);
#3085=AXIS2_PLACEMENT_3D('',#4539,#3574,#3575);
#3086=AXIS2_PLACEMENT_3D('',#4545,#3579,#3580);
#3087=AXIS2_PLACEMENT_3D('',#4550,#3584,#3585);
#3088=AXIS2_PLACEMENT_3D('',#4551,#3586,#3587);
#3089=AXIS2_PLACEMENT_3D('',#4555,#3589,#3590);
#3090=AXIS2_PLACEMENT_3D('',#4557,#3591,#3592);
#3091=AXIS2_PLACEMENT_3D('',#4558,#3593,#3594);
#3092=AXIS2_PLACEMENT_3D('',#4559,#3595,#3596);
#3093=AXIS2_PLACEMENT_3D('',#4562,#3598,#3599);
#3094=AXIS2_PLACEMENT_3D('',#4563,#3600,#3601);
#3095=AXIS2_PLACEMENT_3D('',#4567,#3604,#3605);
#3096=AXIS2_PLACEMENT_3D('',#4570,#3607,#3608);
#3097=AXIS2_PLACEMENT_3D('',#4571,#3609,#3610);
#3098=AXIS2_PLACEMENT_3D('',#4573,#3612,#3613);
#3099=AXIS2_PLACEMENT_3D('',#4578,#3615,#3616);
#3100=AXIS2_PLACEMENT_3D('',#4580,#3618,#3619);
#3101=AXIS2_PLACEMENT_3D('',#4588,#3624,#3625);
#3102=AXIS2_PLACEMENT_3D('',#4594,#3629,#3630);
#3103=AXIS2_PLACEMENT_3D('',#4602,#3635,#3636);
#3104=AXIS2_PLACEMENT_3D('',#4604,#3637,#3638);
#3105=AXIS2_PLACEMENT_3D('',#4606,#3640,#3641);
#3106=AXIS2_PLACEMENT_3D('',#4612,#3645,#3646);
#3107=AXIS2_PLACEMENT_3D('',#4613,#3647,#3648);
#3108=AXIS2_PLACEMENT_3D('',#4614,#3649,#3650);
#3109=AXIS2_PLACEMENT_3D('',#4615,#3651,#3652);
#3110=AXIS2_PLACEMENT_3D('',#4616,#3653,#3654);
#3111=AXIS2_PLACEMENT_3D('',#4617,#3655,#3656);
#3112=AXIS2_PLACEMENT_3D('',#4618,#3657,#3658);
#3113=AXIS2_PLACEMENT_3D('',#4619,#3659,#3660);
#3114=AXIS2_PLACEMENT_3D('',#4625,#3664,#3665);
#3115=AXIS2_PLACEMENT_3D('',#4629,#3669,#3670);
#3116=AXIS2_PLACEMENT_3D('',#4631,#3672,#3673);
#3117=AXIS2_PLACEMENT_3D('',#4632,#3674,#3675);
#3118=AXIS2_PLACEMENT_3D('',#4637,#3677,#3678);
#3119=AXIS2_PLACEMENT_3D('',#4639,#3680,#3681);
#3120=AXIS2_PLACEMENT_3D('',#4646,#3686,#3687);
#3121=AXIS2_PLACEMENT_3D('',#4652,#3691,#3692);
#3122=AXIS2_PLACEMENT_3D('',#4658,#3696,#3697);
#3123=AXIS2_PLACEMENT_3D('',#4660,#3698,#3699);
#3124=AXIS2_PLACEMENT_3D('',#4662,#3701,#3702);
#3125=AXIS2_PLACEMENT_3D('',#4667,#3706,#3707);
#3126=AXIS2_PLACEMENT_3D('',#4668,#3708,#3709);
#3127=AXIS2_PLACEMENT_3D('',#4669,#3710,#3711);
#3128=AXIS2_PLACEMENT_3D('',#4670,#3712,#3713);
#3129=AXIS2_PLACEMENT_3D('',#4679,#3718,#3719);
#3130=AXIS2_PLACEMENT_3D('',#4681,#3720,#3721);
#3131=AXIS2_PLACEMENT_3D('',#4684,#3723,#3724);
#3132=AXIS2_PLACEMENT_3D('',#4685,#3725,#3726);
#3133=AXIS2_PLACEMENT_3D('',#4686,#3727,#3728);
#3134=AXIS2_PLACEMENT_3D('',#4687,#3729,#3730);
#3135=AXIS2_PLACEMENT_3D('',#4688,#3731,#3732);
#3136=AXIS2_PLACEMENT_3D('',#4690,#3733,#3734);
#3137=AXIS2_PLACEMENT_3D('',#4693,#3736,#3737);
#3138=AXIS2_PLACEMENT_3D('',#4694,#3738,#3739);
#3139=AXIS2_PLACEMENT_3D('',#4695,#3740,#3741);
#3140=AXIS2_PLACEMENT_3D('',#4696,#3742,#3743);
#3141=AXIS2_PLACEMENT_3D('',#4697,#3744,#3745);
#3142=AXIS2_PLACEMENT_3D('',#4698,#3746,#3747);
#3143=AXIS2_PLACEMENT_3D('',#4699,#3748,#3749);
#3144=AXIS2_PLACEMENT_3D('',#4700,#3750,#3751);
#3145=AXIS2_PLACEMENT_3D('',#4701,#3752,#3753);
#3146=AXIS2_PLACEMENT_3D('',#4702,#3754,#3755);
#3147=AXIS2_PLACEMENT_3D('',#4703,#3756,#3757);
#3148=AXIS2_PLACEMENT_3D('',#4704,#3758,#3759);
#3149=AXIS2_PLACEMENT_3D('',#4705,#3760,#3761);
#3150=AXIS2_PLACEMENT_3D('',#4707,#3763,#3764);
#3151=AXIS2_PLACEMENT_3D('',#4709,#3766,#3767);
#3152=AXIS2_PLACEMENT_3D('',#4710,#3768,#3769);
#3153=AXIS2_PLACEMENT_3D('',#4716,#3774,#3775);
#3154=AXIS2_PLACEMENT_3D('',#4720,#3778,#3779);
#3155=AXIS2_PLACEMENT_3D('',#4722,#3781,#3782);
#3156=AXIS2_PLACEMENT_3D('',#4724,#3784,#3785);
#3157=AXIS2_PLACEMENT_3D('',#4725,#3786,#3787);
#3158=AXIS2_PLACEMENT_3D('',#4729,#3790,#3791);
#3159=AXIS2_PLACEMENT_3D('',#4732,#3794,#3795);
#3160=AXIS2_PLACEMENT_3D('',#4733,#3796,#3797);
#3161=AXIS2_PLACEMENT_3D('',#4742,#3802,#3803);
#3162=AXIS2_PLACEMENT_3D('',#4744,#3804,#3805);
#3163=AXIS2_PLACEMENT_3D('',#4747,#3807,#3808);
#3164=AXIS2_PLACEMENT_3D('',#4748,#3809,#3810);
#3165=AXIS2_PLACEMENT_3D('',#4754,#3814,#3815);
#3166=AXIS2_PLACEMENT_3D('',#4756,#3816,#3817);
#3167=AXIS2_PLACEMENT_3D('',#4759,#3819,#3820);
#3168=AXIS2_PLACEMENT_3D('',#4760,#3821,#3822);
#3169=AXIS2_PLACEMENT_3D('',#4766,#3826,#3827);
#3170=AXIS2_PLACEMENT_3D('',#4768,#3828,#3829);
#3171=AXIS2_PLACEMENT_3D('',#4771,#3831,#3832);
#3172=AXIS2_PLACEMENT_3D('',#4772,#3833,#3834);
#3173=AXIS2_PLACEMENT_3D('',#4778,#3838,#3839);
#3174=AXIS2_PLACEMENT_3D('',#4779,#3840,#3841);
#3175=AXIS2_PLACEMENT_3D('',#4780,#3842,#3843);
#3176=AXIS2_PLACEMENT_3D('',#4781,#3844,#3845);
#3177=AXIS2_PLACEMENT_3D('',#4784,#3846,#3847);
#3178=AXIS2_PLACEMENT_3D('',#4788,#3849,#3850);
#3179=AXIS2_PLACEMENT_3D('',#4792,#3852,#3853);
#3180=AXIS2_PLACEMENT_3D('',#4796,#3855,#3856);
#3181=AXIS2_PLACEMENT_3D('',#4798,#3858,#3859);
#3182=AXIS2_PLACEMENT_3D('',#4804,#3863,#3864);
#3183=AXIS2_PLACEMENT_3D('',#4807,#3866,#3867);
#3184=AXIS2_PLACEMENT_3D('',#4808,#3868,#3869);
#3185=AXIS2_PLACEMENT_3D('',#4812,#3872,#3873);
#3186=AXIS2_PLACEMENT_3D('',#4815,#3875,#3876);
#3187=AXIS2_PLACEMENT_3D('',#4816,#3877,#3878);
#3188=AXIS2_PLACEMENT_3D('',#4825,#3883,#3884);
#3189=AXIS2_PLACEMENT_3D('',#4831,#3888,#3889);
#3190=AXIS2_PLACEMENT_3D('',#4835,#3892,#3893);
#3191=AXIS2_PLACEMENT_3D('',#4839,#3895,#3896);
#3192=AXIS2_PLACEMENT_3D('',#4841,#3898,#3899);
#3193=AXIS2_PLACEMENT_3D('',#4845,#3902,#3903);
#3194=AXIS2_PLACEMENT_3D('',#4846,#3904,#3905);
#3195=AXIS2_PLACEMENT_3D('',#4847,#3906,#3907);
#3196=AXIS2_PLACEMENT_3D('',#4851,#3910,#3911);
#3197=AXIS2_PLACEMENT_3D('',#4853,#3913,#3914);
#3198=AXIS2_PLACEMENT_3D('',#4855,#3915,#3916);
#3199=AXIS2_PLACEMENT_3D('',#4857,#3917,#3918);
#3200=AXIS2_PLACEMENT_3D('',#4859,#3920,#3921);
#3201=AXIS2_PLACEMENT_3D('',#4861,#3922,#3923);
#3202=AXIS2_PLACEMENT_3D('',#4862,#3924,#3925);
#3203=AXIS2_PLACEMENT_3D('',#4864,#3927,#3928);
#3204=AXIS2_PLACEMENT_3D('',#4865,#3929,#3930);
#3205=AXIS2_PLACEMENT_3D('',#4867,#3931,#3932);
#3206=AXIS2_PLACEMENT_3D('',#4868,#3933,#3934);
#3207=AXIS2_PLACEMENT_3D('',#4870,#3936,#3937);
#3208=AXIS2_PLACEMENT_3D('',#4871,#3938,#3939);
#3209=AXIS2_PLACEMENT_3D('',#4872,#3940,#3941);
#3210=AXIS2_PLACEMENT_3D('',#4874,#3943,#3944);
#3211=AXIS2_PLACEMENT_3D('',#4876,#3946,#3947);
#3212=AXIS2_PLACEMENT_3D('',#4877,#3948,#3949);
#3213=AXIS2_PLACEMENT_3D('',#4878,#3950,#3951);
#3214=AXIS2_PLACEMENT_3D('',#4879,#3952,#3953);
#3215=AXIS2_PLACEMENT_3D('',#4880,#3954,#3955);
#3216=AXIS2_PLACEMENT_3D('',#4881,#3956,#3957);
#3217=AXIS2_PLACEMENT_3D('',#4890,#3962,#3963);
#3218=AXIS2_PLACEMENT_3D('',#4899,#3968,#3969);
#3219=AXIS2_PLACEMENT_3D('',#4902,#3972,#3973);
#3220=AXIS2_PLACEMENT_3D('',#4904,#3975,#3976);
#3221=AXIS2_PLACEMENT_3D('',#4910,#3979,#3980);
#3222=AXIS2_PLACEMENT_3D('',#4912,#3982,#3983);
#3223=AXIS2_PLACEMENT_3D('',#4918,#3987,#3988);
#3224=AXIS2_PLACEMENT_3D('',#4922,#3991,#3992);
#3225=AXIS2_PLACEMENT_3D('',#4923,#3993,#3994);
#3226=AXIS2_PLACEMENT_3D('',#4924,#3995,#3996);
#3227=AXIS2_PLACEMENT_3D('',#4925,#3997,#3998);
#3228=AXIS2_PLACEMENT_3D('',#4926,#3999,#4000);
#3229=AXIS2_PLACEMENT_3D('',#4929,#4001,#4002);
#3230=AXIS2_PLACEMENT_3D('',#4933,#4004,#4005);
#3231=AXIS2_PLACEMENT_3D('',#4935,#4007,#4008);
#3232=AXIS2_PLACEMENT_3D('',#4938,#4009,#4010);
#3233=AXIS2_PLACEMENT_3D('',#4941,#4012,#4013);
#3234=AXIS2_PLACEMENT_3D('',#4943,#4015,#4016);
#3235=AXIS2_PLACEMENT_3D('',#4944,#4017,#4018);
#3236=AXIS2_PLACEMENT_3D('',#4945,#4019,#4020);
#3237=AXIS2_PLACEMENT_3D('',#4952,#4021,#4022);
#3238=AXIS2_PLACEMENT_3D('',#4954,#4023,#4024);
#3239=AXIS2_PLACEMENT_3D('',#4969,#4025,#4026);
#3240=AXIS2_PLACEMENT_3D('',#4975,#4030,#4031);
#3241=AXIS2_PLACEMENT_3D('',#4979,#4034,#4035);
#3242=AXIS2_PLACEMENT_3D('',#4982,#4036,#4037);
#3243=AXIS2_PLACEMENT_3D('',#4986,#4039,#4040);
#3244=AXIS2_PLACEMENT_3D('',#4988,#4042,#4043);
#3245=AXIS2_PLACEMENT_3D('',#4990,#4044,#4045);
#3246=AXIS2_PLACEMENT_3D('',#4994,#4047,#4048);
#3247=AXIS2_PLACEMENT_3D('',#4996,#4050,#4051);
#3248=AXIS2_PLACEMENT_3D('',#4997,#4052,#4053);
#3249=AXIS2_PLACEMENT_3D('',#4998,#4054,#4055);
#3250=AXIS2_PLACEMENT_3D('',#5015,#4056,#4057);
#3251=AXIS2_PLACEMENT_3D('',#5017,#4058,#4059);
#3252=AXIS2_PLACEMENT_3D('',#5022,#4060,#4061);
#3253=AXIS2_PLACEMENT_3D('',#5026,#4063,#4064);
#3254=AXIS2_PLACEMENT_3D('',#5029,#4066,#4067);
#3255=AXIS2_PLACEMENT_3D('',#5030,#4068,#4069);
#3256=AXIS2_PLACEMENT_3D('',#5034,#4072,#4073);
#3257=AXIS2_PLACEMENT_3D('',#5038,#4076,#4077);
#3258=AXIS2_PLACEMENT_3D('',#5041,#4080,#4081);
#3259=AXIS2_PLACEMENT_3D('',#5043,#4083,#4084);
#3260=AXIS2_PLACEMENT_3D('',#5045,#4085,#4086);
#3261=AXIS2_PLACEMENT_3D('',#5048,#4088,#4089);
#3262=AXIS2_PLACEMENT_3D('',#5049,#4090,#4091);
#3263=AXIS2_PLACEMENT_3D('',#5052,#4094,#4095);
#3264=AXIS2_PLACEMENT_3D('',#5062,#4101,#4102);
#3265=AXIS2_PLACEMENT_3D('',#5066,#4105,#4106);
#3266=AXIS2_PLACEMENT_3D('',#5074,#4111,#4112);
#3267=AXIS2_PLACEMENT_3D('',#5077,#4115,#4116);
#3268=AXIS2_PLACEMENT_3D('',#5078,#4117,#4118);
#3269=AXIS2_PLACEMENT_3D('',#5080,#4120,#4121);
#3270=AXIS2_PLACEMENT_3D('',#5086,#4124,#4125);
#3271=AXIS2_PLACEMENT_3D('',#5088,#4127,#4128);
#3272=AXIS2_PLACEMENT_3D('',#5094,#4132,#4133);
#3273=AXIS2_PLACEMENT_3D('',#5098,#4136,#4137);
#3274=AXIS2_PLACEMENT_3D('',#5099,#4138,#4139);
#3275=AXIS2_PLACEMENT_3D('',#5100,#4140,#4141);
#3276=AXIS2_PLACEMENT_3D('',#5101,#4142,#4143);
#3277=AXIS2_PLACEMENT_3D('',#5102,#4144,#4145);
#3278=DIRECTION('axis',(0.,0.,1.));
#3279=DIRECTION('refdir',(1.,0.,0.));
#3280=DIRECTION('axis',(0.,0.,1.));
#3281=DIRECTION('refdir',(1.,0.,0.));
#3282=DIRECTION('center_axis',(1.67580833905685E-15,1.,-8.26898223502112E-32));
#3283=DIRECTION('ref_axis',(-0.707106781186549,1.57009245868378E-15,-0.707106781186546));
#3284=DIRECTION('center_axis',(2.22044604925034E-15,1.,0.));
#3285=DIRECTION('ref_axis',(0.,0.,-1.));
#3286=DIRECTION('',(1.67580833905685E-15,1.,-8.26898223502112E-32));
#3287=DIRECTION('center_axis',(-2.22044604925032E-15,-1.,0.));
#3288=DIRECTION('ref_axis',(-1.,2.22044604925032E-15,0.));
#3289=DIRECTION('',(-1.67580833905685E-15,-1.,8.26898223502112E-32));
#3290=DIRECTION('center_axis',(4.93432455388958E-17,0.,1.));
#3291=DIRECTION('ref_axis',(1.,0.,0.));
#3292=DIRECTION('center_axis',(1.,0.,0.));
#3293=DIRECTION('ref_axis',(0.,-1.,0.));
#3294=DIRECTION('center_axis',(-4.93432455388958E-17,0.,-1.));
#3295=DIRECTION('ref_axis',(0.707106781186547,0.707106781186548,-3.48909435263061E-17));
#3296=DIRECTION('center_axis',(4.93432455388958E-17,0.,1.));
#3297=DIRECTION('ref_axis',(0.707106781186547,0.707106781186548,-5.5511151231258E-17));
#3298=DIRECTION('center_axis',(-1.,1.7239487960018E-16,4.93432455388958E-17));
#3299=DIRECTION('ref_axis',(0.,-0.707106781186546,-0.707106781186549));
#3300=DIRECTION('center_axis',(1.,0.,0.));
#3301=DIRECTION('ref_axis',(0.,-1.,0.));
#3302=DIRECTION('',(1.,-1.7239487960018E-16,-4.93432455388958E-17));
#3303=DIRECTION('',(-1.,1.7239487960018E-16,4.93432455388958E-17));
#3304=DIRECTION('center_axis',(4.93432455388958E-17,0.,1.));
#3305=DIRECTION('ref_axis',(1.,0.,0.));
#3306=DIRECTION('center_axis',(0.,1.,0.));
#3307=DIRECTION('ref_axis',(1.,0.,0.));
#3308=DIRECTION('center_axis',(-4.93432455388958E-17,0.,-1.));
#3309=DIRECTION('ref_axis',(-0.707106781186546,0.707106781186549,3.4890943526306E-17));
#3310=DIRECTION('center_axis',(4.93432455388958E-17,0.,1.));
#3311=DIRECTION('ref_axis',(-0.707106781186546,0.707106781186549,5.5511151231258E-17));
#3312=DIRECTION('center_axis',(-8.37904169528422E-16,-1.,4.13449111751056E-32));
#3313=DIRECTION('ref_axis',(0.707106781186554,-1.57009245868377E-15,-0.707106781186541));
#3314=DIRECTION('center_axis',(2.22044604925028E-15,1.,0.));
#3315=DIRECTION('ref_axis',(1.,-2.22044604925028E-15,0.));
#3316=DIRECTION('',(8.37904169528422E-16,1.,-4.13449111751056E-32));
#3317=DIRECTION('',(-8.37904169528422E-16,-1.,4.13449111751056E-32));
#3318=DIRECTION('center_axis',(4.93432455388958E-17,0.,1.));
#3319=DIRECTION('ref_axis',(1.,0.,0.));
#3320=DIRECTION('center_axis',(-1.,0.,0.));
#3321=DIRECTION('ref_axis',(0.,1.,0.));
#3322=DIRECTION('center_axis',(-4.93432455388958E-17,0.,-1.));
#3323=DIRECTION('ref_axis',(-0.707106781186547,-0.707106781186548,3.48909435263061E-17));
#3324=DIRECTION('center_axis',(4.93432455388958E-17,0.,1.));
#3325=DIRECTION('ref_axis',(-0.707106781186547,-0.707106781186548,5.5511151231258E-17));
#3326=DIRECTION('center_axis',(1.,-2.38415824901609E-16,-4.93432455388958E-17));
#3327=DIRECTION('ref_axis',(0.,0.707106781186546,-0.707106781186549));
#3328=DIRECTION('center_axis',(-1.,0.,0.));
#3329=DIRECTION('ref_axis',(0.,1.,0.));
#3330=DIRECTION('',(-1.,2.38415824901609E-16,4.93432455388958E-17));
#3331=DIRECTION('',(1.,-2.38415824901609E-16,-4.93432455388958E-17));
#3332=DIRECTION('center_axis',(4.93432455388958E-17,0.,1.));
#3333=DIRECTION('ref_axis',(1.,0.,0.));
#3334=DIRECTION('center_axis',(-4.93432455388958E-17,0.,-1.));
#3335=DIRECTION('ref_axis',(0.707106781186545,-0.70710678118655,-3.4890943526306E-17));
#3336=DIRECTION('center_axis',(4.93432455388958E-17,0.,1.));
#3337=DIRECTION('ref_axis',(0.707106781186545,-0.70710678118655,-5.5511151231258E-17));
#3338=DIRECTION('center_axis',(0.,0.,-1.));
#3339=DIRECTION('ref_axis',(3.55271367880051E-15,1.,0.));
#3340=DIRECTION('',(0.,0.,-1.));
#3341=DIRECTION('center_axis',(-4.93432455388958E-17,0.,-1.));
#3342=DIRECTION('ref_axis',(3.55271367880051E-15,1.,0.));
#3343=DIRECTION('',(0.,0.,-1.));
#3344=DIRECTION('center_axis',(1.7239487960018E-16,1.,0.));
#3345=DIRECTION('ref_axis',(1.,-1.7239487960018E-16,2.49879109416702E-32));
#3346=DIRECTION('',(0.,0.,-1.));
#3347=DIRECTION('',(1.,-1.7239487960018E-16,-4.93432455388958E-17));
#3348=DIRECTION('center_axis',(0.,0.,-1.));
#3349=DIRECTION('ref_axis',(1.,1.77635683940026E-15,0.));
#3350=DIRECTION('',(0.,0.,-1.));
#3351=DIRECTION('center_axis',(-4.93432455388958E-17,0.,-1.));
#3352=DIRECTION('ref_axis',(1.,1.77635683940026E-15,0.));
#3353=DIRECTION('center_axis',(1.,-1.67580833905685E-15,0.));
#3354=DIRECTION('ref_axis',(-1.67580833905685E-15,-1.,-7.79803785616714E-32));
#3355=DIRECTION('',(0.,0.,-1.));
#3356=DIRECTION('',(-1.67580833905685E-15,-1.,8.26898223502112E-32));
#3357=DIRECTION('center_axis',(-4.93432455388958E-17,0.,-1.));
#3358=DIRECTION('ref_axis',(-1.,0.,4.93432455388958E-17));
#3359=DIRECTION('',(0.,1.,0.));
#3360=DIRECTION('',(1.,0.,-4.93432455388958E-17));
#3361=DIRECTION('',(0.,-1.,0.));
#3362=DIRECTION('',(-1.,0.,4.97645856978039E-17));
#3363=DIRECTION('center_axis',(0.,1.,0.));
#3364=DIRECTION('ref_axis',(-0.401385847696246,0.,0.915909057313643));
#3365=DIRECTION('center_axis',(0.,1.,0.));
#3366=DIRECTION('ref_axis',(-0.76678970337994,0.,0.641898396002439));
#3367=DIRECTION('center_axis',(0.,1.,0.));
#3368=DIRECTION('ref_axis',(0.,0.,1.));
#3369=DIRECTION('',(6.88756827493537E-16,0.,-1.));
#3370=DIRECTION('center_axis',(0.,1.,0.));
#3371=DIRECTION('ref_axis',(0.,0.,1.));
#3372=DIRECTION('center_axis',(1.,0.,0.));
#3373=DIRECTION('ref_axis',(0.,0.,-1.));
#3374=DIRECTION('',(0.,1.,0.));
#3375=DIRECTION('',(0.,0.,1.));
#3376=DIRECTION('',(0.,-1.,0.));
#3377=DIRECTION('',(0.,0.,1.));
#3378=DIRECTION('',(0.,1.,0.));
#3379=DIRECTION('',(0.,0.,1.));
#3380=DIRECTION('',(0.,1.,0.));
#3381=DIRECTION('',(0.,0.,1.));
#3382=DIRECTION('',(0.,1.,0.));
#3383=DIRECTION('',(0.,0.,1.));
#3384=DIRECTION('center_axis',(0.,0.,-1.));
#3385=DIRECTION('ref_axis',(-1.,0.,0.));
#3386=DIRECTION('center_axis',(0.,0.,1.));
#3387=DIRECTION('ref_axis',(1.,0.,0.));
#3388=DIRECTION('',(1.,0.,0.));
#3389=DIRECTION('',(0.,1.,0.));
#3390=DIRECTION('center_axis',(0.,0.,1.));
#3391=DIRECTION('ref_axis',(-0.00106790973147871,0.99999942978424,0.));
#3392=DIRECTION('center_axis',(0.,0.,-1.));
#3393=DIRECTION('ref_axis',(1.,0.,0.));
#3394=DIRECTION('',(0.,0.,1.));
#3395=DIRECTION('center_axis',(0.,0.,1.));
#3396=DIRECTION('ref_axis',(1.,0.,0.));
#3397=DIRECTION('',(0.,-1.,0.));
#3398=DIRECTION('',(-1.,0.,0.));
#3399=DIRECTION('',(0.,1.,0.));
#3400=DIRECTION('',(-1.,0.,0.));
#3401=DIRECTION('center_axis',(1.,0.,0.));
#3402=DIRECTION('ref_axis',(0.,0.,-1.));
#3403=DIRECTION('',(0.,0.,1.));
#3404=DIRECTION('',(0.,1.,0.));
#3405=DIRECTION('',(0.,0.,-1.));
#3406=DIRECTION('center_axis',(0.,1.,0.));
#3407=DIRECTION('ref_axis',(-1.,0.,0.));
#3408=DIRECTION('',(1.,0.,-4.93432455388958E-17));
#3409=DIRECTION('center_axis',(0.,-1.,0.));
#3410=DIRECTION('ref_axis',(-0.720660617254445,0.,0.693288017160575));
#3411=DIRECTION('center_axis',(0.,1.,0.));
#3412=DIRECTION('ref_axis',(-1.,0.,0.));
#3413=DIRECTION('',(-1.,0.,4.93432455388958E-17));
#3414=DIRECTION('center_axis',(0.,1.,0.));
#3415=DIRECTION('ref_axis',(-0.720660617254445,0.,0.693288017160575));
#3416=DIRECTION('',(-1.,0.,0.));
#3417=DIRECTION('',(-1.77550226411832E-14,0.,-1.));
#3418=DIRECTION('center_axis',(0.,1.,0.));
#3419=DIRECTION('ref_axis',(-0.720660617254445,0.,0.693288017160575));
#3420=DIRECTION('center_axis',(0.,0.,-1.));
#3421=DIRECTION('ref_axis',(1.,0.,0.));
#3422=DIRECTION('',(0.,-1.,0.));
#3423=DIRECTION('',(-1.,0.,0.));
#3424=DIRECTION('',(0.,-1.,0.));
#3425=DIRECTION('center_axis',(0.,-1.,0.));
#3426=DIRECTION('ref_axis',(-0.720660617254445,0.,0.693288017160575));
#3427=DIRECTION('',(0.,-1.,0.));
#3428=DIRECTION('',(0.,-1.,0.));
#3429=DIRECTION('center_axis',(0.,1.,0.));
#3430=DIRECTION('ref_axis',(-0.720660617254445,0.,0.693288017160575));
#3431=DIRECTION('center_axis',(1.,0.,-1.77550226411832E-14));
#3432=DIRECTION('ref_axis',(1.77550226411832E-14,0.,1.));
#3433=DIRECTION('',(-1.77550226411832E-14,0.,-1.));
#3434=DIRECTION('center_axis',(-9.95291766557325E-17,0.,1.));
#3435=DIRECTION('ref_axis',(1.,0.,9.95291766557325E-17));
#3436=DIRECTION('',(-1.,0.,-9.95291766557325E-17));
#3437=DIRECTION('',(0.,1.,0.));
#3438=DIRECTION('',(1.,0.,9.95291766557325E-17));
#3439=DIRECTION('',(0.,1.,0.));
#3440=DIRECTION('center_axis',(0.,1.,0.));
#3441=DIRECTION('ref_axis',(2.26523544366004E-6,0.,-0.999999999997434));
#3442=DIRECTION('center_axis',(0.,1.,0.));
#3443=DIRECTION('ref_axis',(2.26523544366004E-6,0.,-0.999999999997434));
#3444=DIRECTION('center_axis',(0.,-1.,0.));
#3445=DIRECTION('ref_axis',(2.26523544366004E-6,0.,-0.999999999997434));
#3446=DIRECTION('',(0.,1.,0.));
#3447=DIRECTION('center_axis',(1.,0.,7.25043677770943E-16));
#3448=DIRECTION('ref_axis',(7.25043677770943E-16,0.,-1.));
#3449=DIRECTION('',(-7.25043677770943E-16,0.,1.));
#3450=DIRECTION('',(7.25043677770943E-16,0.,-1.));
#3451=DIRECTION('',(0.,1.,0.));
#3452=DIRECTION('center_axis',(0.,1.,0.));
#3453=DIRECTION('ref_axis',(-0.999999999997425,0.,-2.26960566579292E-6));
#3454=DIRECTION('center_axis',(0.,1.,0.));
#3455=DIRECTION('ref_axis',(-0.999999999997425,0.,-2.26960566579292E-6));
#3456=DIRECTION('center_axis',(0.,-1.,0.));
#3457=DIRECTION('ref_axis',(-0.999999999997425,0.,-2.26960566579292E-6));
#3458=DIRECTION('',(0.,1.,0.));
#3459=DIRECTION('center_axis',(-9.95291766574094E-17,0.,-1.));
#3460=DIRECTION('ref_axis',(-1.,0.,9.95291766574094E-17));
#3461=DIRECTION('',(1.,0.,-9.95291766574094E-17));
#3462=DIRECTION('',(-1.,0.,9.95291766574094E-17));
#3463=DIRECTION('',(0.,1.,0.));
#3464=DIRECTION('center_axis',(0.,1.,0.));
#3465=DIRECTION('ref_axis',(-2.26814384367658E-6,0.,0.999999999997428));
#3466=DIRECTION('center_axis',(0.,1.,0.));
#3467=DIRECTION('ref_axis',(-2.26814384367658E-6,0.,0.999999999997428));
#3468=DIRECTION('center_axis',(0.,-1.,0.));
#3469=DIRECTION('ref_axis',(-2.26814384367658E-6,0.,0.999999999997428));
#3470=DIRECTION('',(0.,1.,0.));
#3471=DIRECTION('center_axis',(-1.,0.,3.62521838884894E-16));
#3472=DIRECTION('ref_axis',(3.62521838884894E-16,0.,1.));
#3473=DIRECTION('',(-3.62521838884894E-16,0.,-1.));
#3474=DIRECTION('',(3.62521838884894E-16,0.,1.));
#3475=DIRECTION('',(0.,1.,0.));
#3476=DIRECTION('center_axis',(0.,1.,0.));
#3477=DIRECTION('ref_axis',(0.999999999997418,0.,2.27246860217663E-6));
#3478=DIRECTION('center_axis',(0.,1.,0.));
#3479=DIRECTION('ref_axis',(0.999999999997418,0.,2.27246860217663E-6));
#3480=DIRECTION('center_axis',(0.,-1.,0.));
#3481=DIRECTION('ref_axis',(0.999999999997418,0.,2.27246860217663E-6));
#3482=DIRECTION('center_axis',(0.,1.,0.));
#3483=DIRECTION('ref_axis',(-1.,0.,0.));
#3484=DIRECTION('center_axis',(0.,1.,0.));
#3485=DIRECTION('ref_axis',(0.,0.,-1.));
#3486=DIRECTION('',(-7.25043607918469E-16,0.,1.));
#3487=DIRECTION('center_axis',(0.,1.,0.));
#3488=DIRECTION('ref_axis',(-1.,0.,-1.48029736616688E-15));
#3489=DIRECTION('',(1.,0.,-9.95291713956078E-17));
#3490=DIRECTION('center_axis',(0.,1.,0.));
#3491=DIRECTION('ref_axis',(0.,0.,1.));
#3492=DIRECTION('',(0.,0.,-1.));
#3493=DIRECTION('center_axis',(0.,1.,0.));
#3494=DIRECTION('ref_axis',(1.,0.,0.));
#3495=DIRECTION('center_axis',(9.86864910777917E-17,0.,1.));
#3496=DIRECTION('ref_axis',(1.,0.,-9.86864910777917E-17));
#3497=DIRECTION('',(0.,1.,0.));
#3498=DIRECTION('',(-1.,0.,9.86864910777917E-17));
#3499=DIRECTION('',(0.,1.,0.));
#3500=DIRECTION('center_axis',(0.,1.,0.));
#3501=DIRECTION('ref_axis',(1.,0.,0.));
#3502=DIRECTION('',(-6.88756827493537E-16,0.,1.));
#3503=DIRECTION('center_axis',(0.,1.,0.));
#3504=DIRECTION('ref_axis',(2.31525300925363E-5,0.,0.99999999973198));
#3505=DIRECTION('',(-1.,0.,-8.1174911811738E-16));
#3506=DIRECTION('center_axis',(-1.,0.,-6.88756827493537E-16));
#3507=DIRECTION('ref_axis',(-6.88756827493537E-16,0.,1.));
#3508=DIRECTION('',(-6.88756827493537E-16,0.,1.));
#3509=DIRECTION('',(0.,1.,0.));
#3510=DIRECTION('',(-6.88756827493537E-16,0.,1.));
#3511=DIRECTION('',(0.,1.,0.));
#3512=DIRECTION('center_axis',(8.1174911811738E-16,0.,-1.));
#3513=DIRECTION('ref_axis',(-1.,0.,-8.1174911811738E-16));
#3514=DIRECTION('',(1.,0.,8.1174911811738E-16));
#3515=DIRECTION('',(-1.,0.,-8.1174911811738E-16));
#3516=DIRECTION('',(0.,1.,0.));
#3517=DIRECTION('center_axis',(0.,1.,0.));
#3518=DIRECTION('ref_axis',(2.31525300925363E-5,0.,0.99999999973198));
#3519=DIRECTION('center_axis',(0.,1.,0.));
#3520=DIRECTION('ref_axis',(2.31525300925363E-5,0.,0.99999999973198));
#3521=DIRECTION('',(0.,-1.,0.));
#3522=DIRECTION('',(0.,1.,0.));
#3523=DIRECTION('center_axis',(2.3152530094217E-5,0.,-0.99999999973198));
#3524=DIRECTION('ref_axis',(-0.99999999973198,0.,-2.3152530094217E-5));
#3525=DIRECTION('',(0.99999999973198,0.,2.3152530094217E-5));
#3526=DIRECTION('',(0.,1.,0.));
#3527=DIRECTION('',(0.99999999973198,0.,2.3152530094217E-5));
#3528=DIRECTION('center_axis',(0.,1.,0.));
#3529=DIRECTION('ref_axis',(1.,0.,0.));
#3530=DIRECTION('',(1.,0.,-9.86864910777917E-17));
#3531=DIRECTION('',(0.,0.,1.));
#3532=DIRECTION('',(-2.31525300925517E-5,0.,-0.99999999973198));
#3533=DIRECTION('center_axis',(0.,1.,0.));
#3534=DIRECTION('ref_axis',(1.,0.,0.));
#3535=DIRECTION('',(-1.,0.,-8.1174911811738E-16));
#3536=DIRECTION('center_axis',(0.,1.,0.));
#3537=DIRECTION('ref_axis',(-0.99999999973198,0.,2.31525300884568E-5));
#3538=DIRECTION('',(9.53663299606434E-16,0.,-1.));
#3539=DIRECTION('center_axis',(1.,0.,9.53663299606434E-16));
#3540=DIRECTION('ref_axis',(9.53663299606434E-16,0.,-1.));
#3541=DIRECTION('',(-9.53663299606434E-16,0.,1.));
#3542=DIRECTION('',(0.,1.,0.));
#3543=DIRECTION('',(9.53663299606434E-16,0.,-1.));
#3544=DIRECTION('',(0.,1.,0.));
#3545=DIRECTION('center_axis',(8.1174911811738E-16,0.,-1.));
#3546=DIRECTION('ref_axis',(-1.,0.,-8.1174911811738E-16));
#3547=DIRECTION('',(1.,0.,8.1174911811738E-16));
#3548=DIRECTION('',(0.,1.,0.));
#3549=DIRECTION('',(-1.,0.,-8.1174911811738E-16));
#3550=DIRECTION('center_axis',(0.,1.,0.));
#3551=DIRECTION('ref_axis',(-0.99999999973198,0.,2.31525300884568E-5));
#3552=DIRECTION('center_axis',(0.,1.,0.));
#3553=DIRECTION('ref_axis',(-0.99999999973198,0.,2.31525300884568E-5));
#3554=DIRECTION('',(0.,-1.,0.));
#3555=DIRECTION('',(0.,1.,0.));
#3556=DIRECTION('center_axis',(-2.31525300886659E-5,0.,-0.99999999973198));
#3557=DIRECTION('ref_axis',(-0.99999999973198,0.,2.31525300886659E-5));
#3558=DIRECTION('',(0.99999999973198,0.,-2.31525300886659E-5));
#3559=DIRECTION('',(0.99999999973198,0.,-2.31525300886659E-5));
#3560=DIRECTION('',(0.,1.,0.));
#3561=DIRECTION('center_axis',(-0.99999999973198,0.,2.31525300925517E-5));
#3562=DIRECTION('ref_axis',(2.31525300925517E-5,0.,0.99999999973198));
#3563=DIRECTION('',(0.,1.,0.));
#3564=DIRECTION('',(-2.31525300925517E-5,0.,-0.99999999973198));
#3565=DIRECTION('center_axis',(0.99999999973198,0.,2.31525300864452E-5));
#3566=DIRECTION('ref_axis',(2.31525300864452E-5,0.,-0.99999999973198));
#3567=DIRECTION('',(0.,-1.,0.));
#3568=DIRECTION('',(2.31525300864452E-5,0.,-0.99999999973198));
#3569=DIRECTION('',(-2.31525300864452E-5,0.,0.99999999973198));
#3570=DIRECTION('center_axis',(0.,1.,0.));
#3571=DIRECTION('ref_axis',(1.,0.,0.));
#3572=DIRECTION('',(1.,0.,-9.86864910777917E-17));
#3573=DIRECTION('',(0.,0.,-1.));
#3574=DIRECTION('center_axis',(0.,1.,0.));
#3575=DIRECTION('ref_axis',(0.,0.,1.));
#3576=DIRECTION('',(1.,0.,0.));
#3577=DIRECTION('',(0.,0.,1.));
#3578=DIRECTION('',(-1.,0.,9.86864910777917E-17));
#3579=DIRECTION('center_axis',(-1.,0.,0.));
#3580=DIRECTION('ref_axis',(0.,0.,1.));
#3581=DIRECTION('',(0.,-1.,0.));
#3582=DIRECTION('',(0.,0.,1.));
#3583=DIRECTION('',(0.,0.,-1.));
#3584=DIRECTION('center_axis',(1.,0.,0.));
#3585=DIRECTION('ref_axis',(0.,0.,1.));
#3586=DIRECTION('center_axis',(1.,0.,0.));
#3587=DIRECTION('ref_axis',(0.,0.,1.));
#3588=DIRECTION('',(1.,0.,0.));
#3589=DIRECTION('center_axis',(-1.,0.,0.));
#3590=DIRECTION('ref_axis',(0.,0.,1.));
#3591=DIRECTION('center_axis',(-1.,0.,0.));
#3592=DIRECTION('ref_axis',(0.,0.,1.));
#3593=DIRECTION('center_axis',(-1.,0.,0.));
#3594=DIRECTION('ref_axis',(0.,0.,1.));
#3595=DIRECTION('center_axis',(0.,0.,-1.));
#3596=DIRECTION('ref_axis',(-3.55271367880051E-15,-1.,0.));
#3597=DIRECTION('',(0.,0.,-1.));
#3598=DIRECTION('center_axis',(-4.93432455388958E-17,0.,-1.));
#3599=DIRECTION('ref_axis',(-3.55271367880051E-15,-1.,0.));
#3600=DIRECTION('center_axis',(-2.38415824901609E-16,-1.,0.));
#3601=DIRECTION('ref_axis',(-1.,2.38415824901609E-16,2.64694738240766E-32));
#3602=DIRECTION('',(0.,0.,-1.));
#3603=DIRECTION('',(-1.,2.38415824901609E-16,4.93432455388958E-17));
#3604=DIRECTION('center_axis',(0.,0.,-1.));
#3605=DIRECTION('ref_axis',(-1.,-1.77635683940026E-15,0.));
#3606=DIRECTION('',(0.,0.,-1.));
#3607=DIRECTION('center_axis',(-4.93432455388958E-17,0.,-1.));
#3608=DIRECTION('ref_axis',(-1.,-1.77635683940026E-15,0.));
#3609=DIRECTION('center_axis',(-1.,8.37904169528422E-16,0.));
#3610=DIRECTION('ref_axis',(8.37904169528422E-16,1.,7.94339105951712E-32));
#3611=DIRECTION('',(8.37904169528422E-16,1.,-4.13449111751056E-32));
#3612=DIRECTION('center_axis',(0.,1.,0.));
#3613=DIRECTION('ref_axis',(1.,0.,0.));
#3614=DIRECTION('',(9.53663299606434E-16,0.,-1.));
#3615=DIRECTION('center_axis',(0.,1.,0.));
#3616=DIRECTION('ref_axis',(-2.31525300832117E-5,0.,-0.99999999973198));
#3617=DIRECTION('',(1.,0.,8.11749118117381E-16));
#3618=DIRECTION('center_axis',(-8.11749118117381E-16,0.,1.));
#3619=DIRECTION('ref_axis',(1.,0.,8.11749118117381E-16));
#3620=DIRECTION('',(-1.,0.,-8.11749118117381E-16));
#3621=DIRECTION('',(0.,1.,0.));
#3622=DIRECTION('',(1.,0.,8.11749118117381E-16));
#3623=DIRECTION('',(0.,1.,0.));
#3624=DIRECTION('center_axis',(1.,0.,9.53663299606434E-16));
#3625=DIRECTION('ref_axis',(9.53663299606434E-16,0.,-1.));
#3626=DIRECTION('',(-9.53663299606434E-16,0.,1.));
#3627=DIRECTION('',(0.,1.,0.));
#3628=DIRECTION('',(9.53663299606434E-16,0.,-1.));
#3629=DIRECTION('center_axis',(-2.31525300864451E-5,0.,0.99999999973198));
#3630=DIRECTION('ref_axis',(0.99999999973198,0.,2.31525300864451E-5));
#3631=DIRECTION('',(-0.99999999973198,0.,-2.31525300864451E-5));
#3632=DIRECTION('',(0.,1.,0.));
#3633=DIRECTION('',(-0.99999999973198,0.,-2.31525300864451E-5));
#3634=DIRECTION('',(0.,-1.,0.));
#3635=DIRECTION('center_axis',(0.,1.,0.));
#3636=DIRECTION('ref_axis',(-2.31525300832117E-5,0.,-0.99999999973198));
#3637=DIRECTION('center_axis',(0.,1.,0.));
#3638=DIRECTION('ref_axis',(-2.31525300832117E-5,0.,-0.99999999973198));
#3639=DIRECTION('',(0.,1.,0.));
#3640=DIRECTION('center_axis',(0.99999999973198,0.,-2.3152530084225E-5));
#3641=DIRECTION('ref_axis',(-2.3152530084225E-5,0.,-0.99999999973198));
#3642=DIRECTION('',(2.3152530084225E-5,0.,0.99999999973198));
#3643=DIRECTION('',(2.3152530084225E-5,0.,0.99999999973198));
#3644=DIRECTION('',(0.,1.,0.));
#3645=DIRECTION('center_axis',(0.,1.,0.));
#3646=DIRECTION('ref_axis',(-2.31525300835605E-5,0.,-0.99999999973198));
#3647=DIRECTION('center_axis',(0.,-1.,0.));
#3648=DIRECTION('ref_axis',(-2.31525300835605E-5,0.,-0.99999999973198));
#3649=DIRECTION('center_axis',(0.,-1.,0.));
#3650=DIRECTION('ref_axis',(-2.31525300835605E-5,0.,-0.99999999973198));
#3651=DIRECTION('center_axis',(0.,1.,0.));
#3652=DIRECTION('ref_axis',(1.,0.,0.));
#3653=DIRECTION('center_axis',(0.,0.,1.));
#3654=DIRECTION('ref_axis',(-0.00106790973147871,0.99999942978424,0.));
#3655=DIRECTION('center_axis',(0.,0.,-1.));
#3656=DIRECTION('ref_axis',(-0.00106790973147871,0.99999942978424,0.));
#3657=DIRECTION('center_axis',(0.,0.,1.));
#3658=DIRECTION('ref_axis',(1.,0.,0.));
#3659=DIRECTION('center_axis',(9.86864910777917E-17,0.,1.));
#3660=DIRECTION('ref_axis',(1.,0.,-9.86864910777917E-17));
#3661=DIRECTION('',(1.,0.,-9.86864910777917E-17));
#3662=DIRECTION('',(1.,0.,-9.86864910777917E-17));
#3663=DIRECTION('',(0.,1.,0.));
#3664=DIRECTION('center_axis',(1.,0.,0.));
#3665=DIRECTION('ref_axis',(0.,0.,-1.));
#3666=DIRECTION('',(0.,0.,1.));
#3667=DIRECTION('',(0.,0.,1.));
#3668=DIRECTION('',(0.,0.,1.));
#3669=DIRECTION('center_axis',(0.,-1.,0.));
#3670=DIRECTION('ref_axis',(1.,0.,0.));
#3671=DIRECTION('',(0.,0.,1.));
#3672=DIRECTION('center_axis',(-1.,1.53345721633309E-16,0.));
#3673=DIRECTION('ref_axis',(-1.53345721633309E-16,-1.,0.));
#3674=DIRECTION('center_axis',(0.,1.,0.));
#3675=DIRECTION('ref_axis',(1.,0.,0.));
#3676=DIRECTION('',(1.,0.,8.11749118117381E-16));
#3677=DIRECTION('center_axis',(0.,1.,0.));
#3678=DIRECTION('ref_axis',(0.99999999973198,0.,-2.3152530082629E-5));
#3679=DIRECTION('',(-6.88756827493537E-16,0.,1.));
#3680=DIRECTION('center_axis',(-1.,0.,-6.88756827493537E-16));
#3681=DIRECTION('ref_axis',(-6.88756827493537E-16,0.,1.));
#3682=DIRECTION('',(6.88756827493537E-16,0.,-1.));
#3683=DIRECTION('',(0.,1.,0.));
#3684=DIRECTION('',(-6.88756827493537E-16,0.,1.));
#3685=DIRECTION('',(0.,1.,0.));
#3686=DIRECTION('center_axis',(-8.11749118117381E-16,0.,1.));
#3687=DIRECTION('ref_axis',(1.,0.,8.11749118117381E-16));
#3688=DIRECTION('',(-1.,0.,-8.11749118117381E-16));
#3689=DIRECTION('',(0.,1.,0.));
#3690=DIRECTION('',(1.,0.,8.11749118117381E-16));
#3691=DIRECTION('center_axis',(-0.99999999973198,0.,-2.31525300947717E-5));
#3692=DIRECTION('ref_axis',(-2.31525300947717E-5,0.,0.99999999973198));
#3693=DIRECTION('',(0.,-1.,0.));
#3694=DIRECTION('',(2.31525300947717E-5,0.,-0.99999999973198));
#3695=DIRECTION('',(0.,1.,0.));
#3696=DIRECTION('center_axis',(0.,1.,0.));
#3697=DIRECTION('ref_axis',(0.99999999973198,0.,-2.3152530082629E-5));
#3698=DIRECTION('center_axis',(0.,1.,0.));
#3699=DIRECTION('ref_axis',(0.99999999973198,0.,-2.3152530082629E-5));
#3700=DIRECTION('',(0.,1.,0.));
#3701=DIRECTION('center_axis',(2.31525300831148E-5,0.,0.99999999973198));
#3702=DIRECTION('ref_axis',(0.99999999973198,0.,-2.31525300831148E-5));
#3703=DIRECTION('',(0.,1.,0.));
#3704=DIRECTION('',(-0.99999999973198,0.,2.31525300831148E-5));
#3705=DIRECTION('',(-0.99999999973198,0.,2.31525300831148E-5));
#3706=DIRECTION('center_axis',(0.,1.,0.));
#3707=DIRECTION('ref_axis',(0.99999999973198,0.,-2.31525300827962E-5));
#3708=DIRECTION('center_axis',(0.,-1.,0.));
#3709=DIRECTION('ref_axis',(0.99999999973198,0.,-2.31525300827962E-5));
#3710=DIRECTION('center_axis',(0.,1.,0.));
#3711=DIRECTION('ref_axis',(1.,0.,0.));
#3712=DIRECTION('center_axis',(0.,1.,0.));
#3713=DIRECTION('ref_axis',(0.,0.,1.));
#3714=DIRECTION('',(-1.,0.,4.93432455388958E-17));
#3715=DIRECTION('',(0.,0.,-1.));
#3716=DIRECTION('',(1.,0.,-9.86864910777917E-17));
#3717=DIRECTION('',(-7.55896527404362E-16,0.,1.));
#3718=DIRECTION('center_axis',(0.,0.,-1.));
#3719=DIRECTION('ref_axis',(0.707106781186548,-0.707106781186547,0.));
#3720=DIRECTION('center_axis',(0.,0.,-1.));
#3721=DIRECTION('ref_axis',(0.,-1.,0.));
#3722=DIRECTION('',(0.,0.,1.));
#3723=DIRECTION('center_axis',(0.,1.48029736616688E-15,1.));
#3724=DIRECTION('ref_axis',(1.,0.,0.));
#3725=DIRECTION('center_axis',(1.,0.,-9.86864910777917E-17));
#3726=DIRECTION('ref_axis',(0.,-0.707106781186548,0.707106781186547));
#3727=DIRECTION('center_axis',(1.,0.,0.));
#3728=DIRECTION('ref_axis',(0.,-1.,0.));
#3729=DIRECTION('center_axis',(-1.,-2.96059473233375E-15,0.));
#3730=DIRECTION('ref_axis',(0.,0.,1.));
#3731=DIRECTION('center_axis',(-7.55896527404362E-16,0.,1.));
#3732=DIRECTION('ref_axis',(-0.707106781186548,-0.707106781186547,0.));
#3733=DIRECTION('center_axis',(-4.44089209850063E-15,0.,1.));
#3734=DIRECTION('ref_axis',(0.,-1.,0.));
#3735=DIRECTION('',(7.55896527404362E-16,0.,-1.));
#3736=DIRECTION('center_axis',(0.,-1.48029736616688E-15,-1.));
#3737=DIRECTION('ref_axis',(-1.,0.,0.));
#3738=DIRECTION('center_axis',(-0.816496580927727,0.408248290463862,-0.408248290463861));
#3739=DIRECTION('ref_axis',(-0.577350269189625,-0.577350269189627,0.577350269189626));
#3740=DIRECTION('center_axis',(0.,-1.,0.));
#3741=DIRECTION('ref_axis',(-1.,0.,-1.48029736616688E-15));
#3742=DIRECTION('center_axis',(-0.408248290463862,-0.816496580927726,-0.408248290463863));
#3743=DIRECTION('ref_axis',(0.577350269189625,-0.577350269189626,0.577350269189627));
#3744=DIRECTION('center_axis',(0.,-1.,0.));
#3745=DIRECTION('ref_axis',(0.,0.,1.));
#3746=DIRECTION('center_axis',(-1.,0.,4.93432455388958E-17));
#3747=DIRECTION('ref_axis',(0.,-0.707106781186548,-0.707106781186547));
#3748=DIRECTION('center_axis',(-1.,0.,2.96059473233375E-15));
#3749=DIRECTION('ref_axis',(0.,-1.,0.));
#3750=DIRECTION('center_axis',(1.,0.,0.));
#3751=DIRECTION('ref_axis',(0.,0.,-1.));
#3752=DIRECTION('center_axis',(0.408248290463862,-0.816496580927725,0.408248290463866));
#3753=DIRECTION('ref_axis',(-0.577350269189623,-0.577350269189627,-0.577350269189628));
#3754=DIRECTION('center_axis',(0.,-1.,0.));
#3755=DIRECTION('ref_axis',(0.,0.,-1.));
#3756=DIRECTION('center_axis',(-0.816496580927727,-0.408248290463863,-0.408248290463862));
#3757=DIRECTION('ref_axis',(0.577350269189626,-0.577350269189626,-0.577350269189626));
#3758=DIRECTION('center_axis',(0.,-1.,0.));
#3759=DIRECTION('ref_axis',(1.,0.,0.));
#3760=DIRECTION('center_axis',(0.,1.,0.));
#3761=DIRECTION('ref_axis',(-0.707106781186547,0.,-0.707106781186548));
#3762=DIRECTION('',(0.,1.,0.));
#3763=DIRECTION('center_axis',(-1.,0.,-7.55896527404362E-16));
#3764=DIRECTION('ref_axis',(-7.55896527404362E-16,0.,1.));
#3765=DIRECTION('',(0.,1.,0.));
#3766=DIRECTION('center_axis',(0.,1.,0.));
#3767=DIRECTION('ref_axis',(-0.707106781186548,0.,0.707106781186548));
#3768=DIRECTION('center_axis',(0.,1.,0.));
#3769=DIRECTION('ref_axis',(0.,0.,1.));
#3770=DIRECTION('',(-1.,0.,4.93432455388958E-17));
#3771=DIRECTION('',(0.,0.,1.));
#3772=DIRECTION('',(0.,0.,1.));
#3773=DIRECTION('',(1.,0.,-9.86864910777917E-17));
#3774=DIRECTION('center_axis',(-4.93432455388958E-17,0.,-1.));
#3775=DIRECTION('ref_axis',(-1.,0.,4.93432455388958E-17));
#3776=DIRECTION('',(1.,0.,-4.93432455388958E-17));
#3777=DIRECTION('',(0.,-1.,0.));
#3778=DIRECTION('center_axis',(0.,1.,0.));
#3779=DIRECTION('ref_axis',(0.707106781186549,0.,0.707106781186546));
#3780=DIRECTION('',(0.,1.,0.));
#3781=DIRECTION('center_axis',(1.,0.,0.));
#3782=DIRECTION('ref_axis',(0.,0.,-1.));
#3783=DIRECTION('',(0.,-1.,0.));
#3784=DIRECTION('center_axis',(0.,1.,0.));
#3785=DIRECTION('ref_axis',(0.707106781186549,0.,-0.707106781186546));
#3786=DIRECTION('center_axis',(9.86864910777917E-17,0.,1.));
#3787=DIRECTION('ref_axis',(1.,0.,-9.86864910777917E-17));
#3788=DIRECTION('',(-1.,0.,9.86864910777917E-17));
#3789=DIRECTION('',(0.,1.,0.));
#3790=DIRECTION('center_axis',(1.,0.,0.));
#3791=DIRECTION('ref_axis',(0.,0.,-1.));
#3792=DIRECTION('',(0.,0.,-1.));
#3793=DIRECTION('',(0.,1.,0.));
#3794=DIRECTION('center_axis',(0.,1.,0.));
#3795=DIRECTION('ref_axis',(0.,0.,1.));
#3796=DIRECTION('center_axis',(0.,0.,1.));
#3797=DIRECTION('ref_axis',(1.,0.,0.));
#3798=DIRECTION('',(1.,0.,0.));
#3799=DIRECTION('',(0.,1.,0.));
#3800=DIRECTION('',(1.,0.,0.));
#3801=DIRECTION('',(0.,1.,0.));
#3802=DIRECTION('center_axis',(0.,1.,0.));
#3803=DIRECTION('ref_axis',(0.,0.,-1.));
#3804=DIRECTION('center_axis',(0.,-1.,0.));
#3805=DIRECTION('ref_axis',(0.,0.,-1.));
#3806=DIRECTION('',(0.,1.,0.));
#3807=DIRECTION('center_axis',(0.,-1.,0.));
#3808=DIRECTION('ref_axis',(0.,0.,-1.));
#3809=DIRECTION('center_axis',(1.,0.,7.25043607918469E-16));
#3810=DIRECTION('ref_axis',(7.25043607918469E-16,0.,-1.));
#3811=DIRECTION('',(7.25043607918469E-16,0.,-1.));
#3812=DIRECTION('',(0.,1.,0.));
#3813=DIRECTION('',(7.25043607918469E-16,0.,-1.));
#3814=DIRECTION('center_axis',(0.,1.,0.));
#3815=DIRECTION('ref_axis',(-1.,0.,0.));
#3816=DIRECTION('center_axis',(0.,-1.,0.));
#3817=DIRECTION('ref_axis',(-1.,0.,0.));
#3818=DIRECTION('',(0.,1.,0.));
#3819=DIRECTION('center_axis',(0.,-1.,0.));
#3820=DIRECTION('ref_axis',(-1.,0.,0.));
#3821=DIRECTION('center_axis',(-9.95291713956078E-17,0.,-1.));
#3822=DIRECTION('ref_axis',(-1.,0.,9.95291713956078E-17));
#3823=DIRECTION('',(-1.,0.,9.95291713956078E-17));
#3824=DIRECTION('',(0.,1.,0.));
#3825=DIRECTION('',(-1.,0.,9.95291713956078E-17));
#3826=DIRECTION('center_axis',(0.,1.,0.));
#3827=DIRECTION('ref_axis',(0.,0.,1.));
#3828=DIRECTION('center_axis',(0.,-1.,0.));
#3829=DIRECTION('ref_axis',(0.,0.,1.));
#3830=DIRECTION('',(0.,1.,0.));
#3831=DIRECTION('center_axis',(0.,-1.,0.));
#3832=DIRECTION('ref_axis',(0.,0.,1.));
#3833=DIRECTION('center_axis',(-1.,0.,0.));
#3834=DIRECTION('ref_axis',(0.,0.,1.));
#3835=DIRECTION('',(0.,0.,1.));
#3836=DIRECTION('',(0.,1.,0.));
#3837=DIRECTION('',(0.,0.,1.));
#3838=DIRECTION('center_axis',(0.,1.,0.));
#3839=DIRECTION('ref_axis',(1.,0.,0.));
#3840=DIRECTION('center_axis',(0.,-1.,0.));
#3841=DIRECTION('ref_axis',(1.,0.,0.));
#3842=DIRECTION('center_axis',(0.,-1.,0.));
#3843=DIRECTION('ref_axis',(1.,0.,0.));
#3844=DIRECTION('center_axis',(0.,1.,0.));
#3845=DIRECTION('ref_axis',(-1.,0.,0.));
#3846=DIRECTION('center_axis',(0.,1.,0.));
#3847=DIRECTION('ref_axis',(-0.707106781186547,0.,-0.707106781186548));
#3848=DIRECTION('',(-1.,0.,4.93432455388958E-17));
#3849=DIRECTION('center_axis',(0.,1.,0.));
#3850=DIRECTION('ref_axis',(0.707106781186549,0.,-0.707106781186546));
#3851=DIRECTION('',(0.,0.,-1.));
#3852=DIRECTION('center_axis',(0.,1.,0.));
#3853=DIRECTION('ref_axis',(0.707106781186549,0.,0.707106781186546));
#3854=DIRECTION('',(1.,0.,-9.86864910777917E-17));
#3855=DIRECTION('center_axis',(0.,1.,0.));
#3856=DIRECTION('ref_axis',(-0.707106781186548,0.,0.707106781186548));
#3857=DIRECTION('',(-7.55896527404362E-16,0.,1.));
#3858=DIRECTION('center_axis',(9.86864910777917E-17,0.,1.));
#3859=DIRECTION('ref_axis',(1.,0.,-9.86864910777917E-17));
#3860=DIRECTION('',(0.,-1.,0.));
#3861=DIRECTION('',(1.,0.,-9.86864910777917E-17));
#3862=DIRECTION('',(0.,1.,0.));
#3863=DIRECTION('center_axis',(0.,1.,0.));
#3864=DIRECTION('ref_axis',(0.707106781186549,0.,0.707106781186546));
#3865=DIRECTION('',(0.,1.,0.));
#3866=DIRECTION('center_axis',(0.,1.,0.));
#3867=DIRECTION('ref_axis',(0.707106781186549,0.,0.707106781186546));
#3868=DIRECTION('center_axis',(1.,0.,0.));
#3869=DIRECTION('ref_axis',(0.,0.,-1.));
#3870=DIRECTION('',(0.,-1.,0.));
#3871=DIRECTION('',(0.,0.,-1.));
#3872=DIRECTION('center_axis',(0.,1.,0.));
#3873=DIRECTION('ref_axis',(0.707106781186549,0.,-0.707106781186546));
#3874=DIRECTION('',(0.,1.,0.));
#3875=DIRECTION('center_axis',(0.,1.,0.));
#3876=DIRECTION('ref_axis',(0.707106781186549,0.,-0.707106781186546));
#3877=DIRECTION('center_axis',(0.,1.,0.));
#3878=DIRECTION('ref_axis',(0.,0.,1.));
#3879=DIRECTION('',(-1.,0.,9.86864910777917E-17));
#3880=DIRECTION('',(0.,0.,1.));
#3881=DIRECTION('',(1.,0.,-4.93432455388958E-17));
#3882=DIRECTION('',(0.,0.,-1.));
#3883=DIRECTION('center_axis',(-4.93432455388958E-17,0.,-1.));
#3884=DIRECTION('ref_axis',(-1.,0.,4.93432455388958E-17));
#3885=DIRECTION('',(0.,1.,0.));
#3886=DIRECTION('',(-1.,0.,4.93432455388958E-17));
#3887=DIRECTION('',(0.,-1.,0.));
#3888=DIRECTION('center_axis',(1.,0.,0.));
#3889=DIRECTION('ref_axis',(0.,0.,-1.));
#3890=DIRECTION('',(0.,1.,0.));
#3891=DIRECTION('',(0.,0.,-1.));
#3892=DIRECTION('center_axis',(0.,1.,0.));
#3893=DIRECTION('ref_axis',(-0.707106781186547,0.,-0.707106781186548));
#3894=DIRECTION('',(0.,1.,0.));
#3895=DIRECTION('center_axis',(0.,1.,0.));
#3896=DIRECTION('ref_axis',(-0.707106781186546,0.,-0.707106781186549));
#3897=DIRECTION('',(0.,-1.,0.));
#3898=DIRECTION('center_axis',(-1.,0.,-7.55896527404362E-16));
#3899=DIRECTION('ref_axis',(-7.55896527404362E-16,0.,1.));
#3900=DIRECTION('',(0.,-1.,0.));
#3901=DIRECTION('',(-7.55896527404362E-16,0.,1.));
#3902=DIRECTION('center_axis',(0.,1.,0.));
#3903=DIRECTION('ref_axis',(-0.707106781186548,0.,0.707106781186548));
#3904=DIRECTION('center_axis',(0.,1.,0.));
#3905=DIRECTION('ref_axis',(-0.707106781186548,0.,0.707106781186547));
#3906=DIRECTION('center_axis',(9.86864910777917E-17,0.,1.));
#3907=DIRECTION('ref_axis',(1.,0.,-9.86864910777917E-17));
#3908=DIRECTION('',(0.,1.,0.));
#3909=DIRECTION('',(1.,0.,-9.86864910777917E-17));
#3910=DIRECTION('center_axis',(1.,0.,0.));
#3911=DIRECTION('ref_axis',(0.,0.,-1.));
#3912=DIRECTION('',(0.,0.,-1.));
#3913=DIRECTION('center_axis',(0.,0.,-1.));
#3914=DIRECTION('ref_axis',(0.707106781186548,0.707106781186548,0.));
#3915=DIRECTION('center_axis',(0.,0.,-1.));
#3916=DIRECTION('ref_axis',(0.,1.,0.));
#3917=DIRECTION('center_axis',(0.,0.,1.));
#3918=DIRECTION('ref_axis',(1.,0.,0.));
#3919=DIRECTION('',(0.,0.,1.));
#3920=DIRECTION('center_axis',(1.,0.,-9.86864910777917E-17));
#3921=DIRECTION('ref_axis',(0.,0.707106781186549,0.707106781186546));
#3922=DIRECTION('center_axis',(1.,0.,0.));
#3923=DIRECTION('ref_axis',(0.,1.,0.));
#3924=DIRECTION('center_axis',(-1.,0.,0.));
#3925=DIRECTION('ref_axis',(0.,0.,1.));
#3926=DIRECTION('',(-1.,0.,9.86864910777917E-17));
#3927=DIRECTION('center_axis',(0.408248290463864,-0.816496580927726,0.408248290463863));
#3928=DIRECTION('ref_axis',(0.577350269189625,0.577350269189625,0.577350269189627));
#3929=DIRECTION('center_axis',(-7.55896527404362E-16,0.,1.));
#3930=DIRECTION('ref_axis',(-0.707106781186548,0.707106781186548,0.));
#3931=DIRECTION('center_axis',(0.,0.,1.));
#3932=DIRECTION('ref_axis',(0.,1.,0.));
#3933=DIRECTION('center_axis',(0.,0.,-1.));
#3934=DIRECTION('ref_axis',(-1.,0.,0.));
#3935=DIRECTION('',(7.55896527404362E-16,0.,-1.));
#3936=DIRECTION('center_axis',(-0.408248290463862,-0.816496580927726,0.408248290463864));
#3937=DIRECTION('ref_axis',(-0.577350269189625,0.577350269189627,0.577350269189626));
#3938=DIRECTION('center_axis',(-1.,0.,4.93432455388958E-17));
#3939=DIRECTION('ref_axis',(0.,0.707106781186549,-0.707106781186546));
#3940=DIRECTION('center_axis',(-1.,0.,0.));
#3941=DIRECTION('ref_axis',(0.,1.,0.));
#3942=DIRECTION('',(-1.,0.,4.93432455388958E-17));
#3943=DIRECTION('center_axis',(1.,0.,0.));
#3944=DIRECTION('ref_axis',(0.,0.,-1.));
#3945=DIRECTION('',(1.,0.,-4.93432455388958E-17));
#3946=DIRECTION('center_axis',(-0.408248290463862,-0.816496580927726,-0.408248290463865));
#3947=DIRECTION('ref_axis',(-0.577350269189622,0.577350269189627,-0.577350269189628));
#3948=DIRECTION('center_axis',(0.408248290463864,-0.816496580927726,-0.408248290463863));
#3949=DIRECTION('ref_axis',(0.577350269189625,0.577350269189625,-0.577350269189627));
#3950=DIRECTION('center_axis',(-4.93432455388958E-17,0.,-1.));
#3951=DIRECTION('ref_axis',(-1.,0.,4.93432455388958E-17));
#3952=DIRECTION('center_axis',(0.,1.,0.));
#3953=DIRECTION('ref_axis',(0.,0.,1.));
#3954=DIRECTION('center_axis',(0.,1.,0.));
#3955=DIRECTION('ref_axis',(0.,0.,1.));
#3956=DIRECTION('center_axis',(1.,0.,-1.22464679914735E-16));
#3957=DIRECTION('ref_axis',(0.,1.,0.));
#3958=DIRECTION('',(0.,1.,0.));
#3959=DIRECTION('',(-1.22464679914735E-16,0.,-1.));
#3960=DIRECTION('',(0.,1.,0.));
#3961=DIRECTION('',(1.22464679914735E-16,0.,1.));
#3962=DIRECTION('center_axis',(-1.,0.,1.22464679914735E-16));
#3963=DIRECTION('ref_axis',(0.,-1.,0.));
#3964=DIRECTION('',(0.,-1.,0.));
#3965=DIRECTION('',(1.22464679914735E-16,0.,1.));
#3966=DIRECTION('',(0.,-1.,0.));
#3967=DIRECTION('',(1.22464679914735E-16,0.,1.));
#3968=DIRECTION('center_axis',(0.,1.,0.));
#3969=DIRECTION('ref_axis',(-1.,0.,-4.20128052149175E-17));
#3970=DIRECTION('',(-1.,0.,1.22464679914735E-16));
#3971=DIRECTION('',(-1.,0.,-4.20128052149175E-17));
#3972=DIRECTION('center_axis',(1.22464679914735E-16,0.,1.));
#3973=DIRECTION('ref_axis',(1.,0.,-1.22464679914735E-16));
#3974=DIRECTION('',(1.,0.,-1.22464679914735E-16));
#3975=DIRECTION('center_axis',(0.,1.,0.));
#3976=DIRECTION('ref_axis',(-1.,0.,1.22464679914735E-16));
#3977=DIRECTION('',(1.,0.,-1.22464679914735E-16));
#3978=DIRECTION('',(1.69776687810421E-14,0.,1.));
#3979=DIRECTION('center_axis',(0.,1.,0.));
#3980=DIRECTION('ref_axis',(-1.,0.,1.22464679914735E-16));
#3981=DIRECTION('',(1.,0.,-1.22464679914735E-16));
#3982=DIRECTION('center_axis',(-1.22464679914735E-16,0.,-1.));
#3983=DIRECTION('ref_axis',(-1.,0.,1.22464679914735E-16));
#3984=DIRECTION('',(0.,1.,0.));
#3985=DIRECTION('',(-1.,0.,1.22464679914735E-16));
#3986=DIRECTION('',(0.,1.,0.));
#3987=DIRECTION('center_axis',(1.,0.,-1.69776687810421E-14));
#3988=DIRECTION('ref_axis',(-1.69776687810421E-14,0.,-1.));
#3989=DIRECTION('',(-1.69776687810421E-14,0.,-1.));
#3990=DIRECTION('',(0.,1.,0.));
#3991=DIRECTION('center_axis',(0.,1.,0.));
#3992=DIRECTION('ref_axis',(-1.,0.,1.22464679914735E-16));
#3993=DIRECTION('center_axis',(0.,1.,0.));
#3994=DIRECTION('ref_axis',(-1.,0.,1.22464679914735E-16));
#3995=DIRECTION('center_axis',(0.,1.,0.));
#3996=DIRECTION('ref_axis',(-1.,0.,1.22464679914735E-16));
#3997=DIRECTION('axis',(0.,0.,1.));
#3998=DIRECTION('refdir',(1.,0.,0.));
#3999=DIRECTION('center_axis',(0.,-1.,0.));
#4000=DIRECTION('ref_axis',(0.707106781186548,0.,-0.707106781186548));
#4001=DIRECTION('center_axis',(0.,-1.,0.));
#4002=DIRECTION('ref_axis',(0.,0.,-1.));
#4003=DIRECTION('',(0.,1.,0.));
#4004=DIRECTION('center_axis',(0.,1.,0.));
#4005=DIRECTION('ref_axis',(0.707106781186548,0.,-0.707106781186548));
#4006=DIRECTION('',(0.,-1.,0.));
#4007=DIRECTION('center_axis',(0.,0.,1.));
#4008=DIRECTION('ref_axis',(0.707106781186546,-0.707106781186549,0.));
#4009=DIRECTION('center_axis',(0.,0.,1.));
#4010=DIRECTION('ref_axis',(0.,-1.,0.));
#4011=DIRECTION('',(0.,0.,-1.));
#4012=DIRECTION('center_axis',(0.,0.,-1.));
#4013=DIRECTION('ref_axis',(1.,0.,0.));
#4014=DIRECTION('',(0.,0.,1.));
#4015=DIRECTION('center_axis',(-0.816496580927727,-0.408248290463865,-0.40824829046386));
#4016=DIRECTION('ref_axis',(0.577350269189629,-0.577350269189626,-0.577350269189622));
#4017=DIRECTION('center_axis',(-1.,0.,0.));
#4018=DIRECTION('ref_axis',(0.,-0.707106781186549,-0.707106781186546));
#4019=DIRECTION('center_axis',(1.,0.,0.));
#4020=DIRECTION('ref_axis',(0.,-1.,0.));
#4021=DIRECTION('center_axis',(-1.,0.,0.));
#4022=DIRECTION('ref_axis',(0.,-1.,0.));
#4023=DIRECTION('center_axis',(1.,0.,0.));
#4024=DIRECTION('ref_axis',(0.,-1.,0.));
#4025=DIRECTION('center_axis',(1.,0.,0.));
#4026=DIRECTION('ref_axis',(0.,0.,1.));
#4027=DIRECTION('',(0.,0.,1.));
#4028=DIRECTION('',(0.,-1.,0.));
#4029=DIRECTION('',(0.,0.,1.));
#4030=DIRECTION('center_axis',(0.,-1.,0.));
#4031=DIRECTION('ref_axis',(0.,0.,-1.));
#4032=DIRECTION('',(0.,0.,-1.));
#4033=DIRECTION('',(-1.,0.,0.));
#4034=DIRECTION('center_axis',(0.,0.,-1.));
#4035=DIRECTION('ref_axis',(-0.707106781186546,-0.707106781186549,0.));
#4036=DIRECTION('center_axis',(0.,0.,1.));
#4037=DIRECTION('ref_axis',(-1.,0.,0.));
#4038=DIRECTION('',(0.,0.,-1.));
#4039=DIRECTION('center_axis',(0.,0.,-1.));
#4040=DIRECTION('ref_axis',(0.,-1.,0.));
#4041=DIRECTION('',(0.,0.,1.));
#4042=DIRECTION('center_axis',(0.,-1.,0.));
#4043=DIRECTION('ref_axis',(-0.707106781186548,0.,-0.707106781186548));
#4044=DIRECTION('center_axis',(0.,-1.,0.));
#4045=DIRECTION('ref_axis',(-1.,0.,0.));
#4046=DIRECTION('',(0.,1.,0.));
#4047=DIRECTION('center_axis',(0.,1.,0.));
#4048=DIRECTION('ref_axis',(-0.707106781186548,0.,-0.707106781186548));
#4049=DIRECTION('',(0.,-1.,0.));
#4050=DIRECTION('center_axis',(-0.816496580927727,0.408248290463865,0.40824829046386));
#4051=DIRECTION('ref_axis',(-0.577350269189627,-0.577350269189627,-0.577350269189623));
#4052=DIRECTION('center_axis',(1.,0.,0.));
#4053=DIRECTION('ref_axis',(0.,-0.707106781186549,-0.707106781186546));
#4054=DIRECTION('center_axis',(-1.,0.,0.));
#4055=DIRECTION('ref_axis',(0.,-1.,0.));
#4056=DIRECTION('center_axis',(-1.,0.,0.));
#4057=DIRECTION('ref_axis',(0.,-1.,0.));
#4058=DIRECTION('center_axis',(1.,0.,0.));
#4059=DIRECTION('ref_axis',(0.,-1.,0.));
#4060=DIRECTION('center_axis',(0.,0.,1.));
#4061=DIRECTION('ref_axis',(0.707106781186549,0.707106781186546,0.));
#4062=DIRECTION('',(0.,0.,1.));
#4063=DIRECTION('center_axis',(0.,0.,1.));
#4064=DIRECTION('ref_axis',(0.707106781186549,0.707106781186546,0.));
#4065=DIRECTION('',(0.,0.,-1.));
#4066=DIRECTION('center_axis',(0.707106781186544,0.,-0.707106781186551));
#4067=DIRECTION('ref_axis',(0.707106781186551,0.,0.707106781186544));
#4068=DIRECTION('center_axis',(0.,-1.,0.));
#4069=DIRECTION('ref_axis',(0.,0.,-1.));
#4070=DIRECTION('',(0.,0.,-1.));
#4071=DIRECTION('',(-1.,0.,0.));
#4072=DIRECTION('center_axis',(-1.,0.,0.));
#4073=DIRECTION('ref_axis',(0.,0.,-1.));
#4074=DIRECTION('',(0.,0.,-1.));
#4075=DIRECTION('',(0.,-1.,0.));
#4076=DIRECTION('center_axis',(1.,0.,0.));
#4077=DIRECTION('ref_axis',(0.,-0.707106781186549,-0.707106781186546));
#4078=DIRECTION('',(-1.,0.,0.));
#4079=DIRECTION('',(1.,0.,0.));
#4080=DIRECTION('center_axis',(0.,0.,-1.));
#4081=DIRECTION('ref_axis',(1.,0.,0.));
#4082=DIRECTION('',(1.,0.,0.));
#4083=DIRECTION('center_axis',(0.,0.,-1.));
#4084=DIRECTION('ref_axis',(-0.707106781186547,0.707106781186548,0.));
#4085=DIRECTION('center_axis',(0.707106781186548,0.,0.707106781186548));
#4086=DIRECTION('ref_axis',(-0.707106781186547,0.,0.707106781186547));
#4087=DIRECTION('',(0.,0.,1.));
#4088=DIRECTION('center_axis',(0.,0.,1.));
#4089=DIRECTION('ref_axis',(-0.707106781186547,0.707106781186548,0.));
#4090=DIRECTION('center_axis',(-1.,0.,0.));
#4091=DIRECTION('ref_axis',(0.,0.707106781186546,0.707106781186549));
#4092=DIRECTION('',(-1.,0.,0.));
#4093=DIRECTION('',(1.,0.,0.));
#4094=DIRECTION('center_axis',(1.,0.,0.));
#4095=DIRECTION('ref_axis',(0.,-1.,0.));
#4096=DIRECTION('',(0.,-1.,0.));
#4097=DIRECTION('',(0.,-1.,0.));
#4098=DIRECTION('',(0.,0.,-1.));
#4099=DIRECTION('',(0.,-1.,0.));
#4100=DIRECTION('',(0.,0.,-1.));
#4101=DIRECTION('center_axis',(0.,0.,-1.));
#4102=DIRECTION('ref_axis',(-1.,0.,0.));
#4103=DIRECTION('',(0.,1.,0.));
#4104=DIRECTION('',(-1.,0.,0.));
#4105=DIRECTION('center_axis',(-1.,0.,0.));
#4106=DIRECTION('ref_axis',(0.,1.,0.));
#4107=DIRECTION('',(0.,1.,0.));
#4108=DIRECTION('',(0.,0.,-1.));
#4109=DIRECTION('',(0.,1.,0.));
#4110=DIRECTION('',(0.,0.,1.));
#4111=DIRECTION('center_axis',(0.,0.,1.));
#4112=DIRECTION('ref_axis',(-1.,0.,0.));
#4113=DIRECTION('',(-1.,0.,0.));
#4114=DIRECTION('',(1.,0.,0.));
#4115=DIRECTION('center_axis',(0.,-1.,0.));
#4116=DIRECTION('ref_axis',(0.,0.,-1.));
#4117=DIRECTION('center_axis',(0.,1.,0.));
#4118=DIRECTION('ref_axis',(1.,0.,1.64477485129653E-16));
#4119=DIRECTION('',(1.,0.,0.));
#4120=DIRECTION('center_axis',(0.,1.,0.));
#4121=DIRECTION('ref_axis',(1.,0.,0.));
#4122=DIRECTION('',(-1.,0.,0.));
#4123=DIRECTION('',(-1.68552041011274E-14,0.,-1.));
#4124=DIRECTION('center_axis',(0.,1.,0.));
#4125=DIRECTION('ref_axis',(1.,0.,0.));
#4126=DIRECTION('',(-1.,0.,0.));
#4127=DIRECTION('center_axis',(0.,0.,1.));
#4128=DIRECTION('ref_axis',(1.,0.,0.));
#4129=DIRECTION('',(0.,1.,0.));
#4130=DIRECTION('',(1.,0.,0.));
#4131=DIRECTION('',(0.,1.,0.));
#4132=DIRECTION('center_axis',(-1.,0.,1.68552041011274E-14));
#4133=DIRECTION('ref_axis',(1.68552041011274E-14,0.,1.));
#4134=DIRECTION('',(1.68552041011274E-14,0.,1.));
#4135=DIRECTION('',(0.,1.,0.));
#4136=DIRECTION('center_axis',(0.,1.,0.));
#4137=DIRECTION('ref_axis',(1.,0.,0.));
#4138=DIRECTION('center_axis',(0.,1.,0.));
#4139=DIRECTION('ref_axis',(1.,0.,0.));
#4140=DIRECTION('center_axis',(0.,1.,0.));
#4141=DIRECTION('ref_axis',(1.,0.,0.));
#4142=DIRECTION('',(0.,0.,1.));
#4143=DIRECTION('',(1.,0.,0.));
#4144=DIRECTION('',(0.,0.,1.));
#4145=DIRECTION('',(1.,0.,0.));
#4146=CARTESIAN_POINT('',(0.,0.,0.));
#4147=CARTESIAN_POINT('',(0.,0.,0.));
#4148=CARTESIAN_POINT('Origin',(-6.25891659878967,3.98000000745059,-13.25));
#4149=CARTESIAN_POINT('',(-6.25891659878967,7.25000001490112,-13.75));
#4150=CARTESIAN_POINT('',(-6.75891659878966,7.25000001490112,-13.25));
#4151=CARTESIAN_POINT('Origin',(-6.25891659878967,7.25000001490112,-13.25));
#4152=CARTESIAN_POINT('',(-6.75891659878967,7.96000001490113,-13.25));
#4153=CARTESIAN_POINT('',(-6.75891659878967,3.98000000745059,-13.25));
#4154=CARTESIAN_POINT('',(-6.25891659878967,7.96000001490113,-13.75));
#4155=CARTESIAN_POINT('Origin',(-6.25891659878967,7.96000001490113,-13.25));
#4156=CARTESIAN_POINT('',(-6.25891659878967,3.98000000745059,-13.75));
#4157=CARTESIAN_POINT('Origin',(-8.00891659878966,7.96000001490113,-13.25));
#4158=CARTESIAN_POINT('',(-8.00891659878966,9.21000001490112,-13.25));
#4159=CARTESIAN_POINT('',(-8.00891659878966,9.71000001490112,-13.75));
#4160=CARTESIAN_POINT('Origin',(-8.00891659878966,9.71000001490112,-13.25));
#4161=CARTESIAN_POINT('Origin',(-8.00891659878966,7.96000001490113,-13.75));
#4162=CARTESIAN_POINT('Origin',(-8.00891659878966,7.96000001490113,-13.25));
#4163=CARTESIAN_POINT('Origin',(4.71604170060519,9.71000001490112,-13.25));
#4164=CARTESIAN_POINT('',(-14.4489165987896,9.21000001490112,-13.25));
#4165=CARTESIAN_POINT('',(-14.4489165987896,9.71000001490112,-13.75));
#4166=CARTESIAN_POINT('Origin',(-14.4489165987896,9.71000001490112,-13.25));
#4167=CARTESIAN_POINT('',(4.71604170060519,9.71000001490112,-13.75));
#4168=CARTESIAN_POINT('',(4.71604170060519,9.21000001490112,-13.25));
#4169=CARTESIAN_POINT('Origin',(-14.4489165987896,7.96000001490113,-13.25));
#4170=CARTESIAN_POINT('',(-15.6989165987896,7.96000001490113,-13.25));
#4171=CARTESIAN_POINT('',(-16.1989165987896,7.96000001490113,-13.75));
#4172=CARTESIAN_POINT('Origin',(-16.1989165987896,7.96000001490113,-13.25));
#4173=CARTESIAN_POINT('Origin',(-14.4489165987896,7.96000001490113,-13.75));
#4174=CARTESIAN_POINT('Origin',(-14.4489165987896,7.96000001490113,-13.25));
#4175=CARTESIAN_POINT('Origin',(-16.1989165987896,3.62500000745058,-13.25));
#4176=CARTESIAN_POINT('',(-15.6989165987896,7.25000001490112,-13.25));
#4177=CARTESIAN_POINT('',(-16.1989165987896,7.25000001490113,-13.75));
#4178=CARTESIAN_POINT('Origin',(-16.1989165987896,7.25000001490113,-13.25));
#4179=CARTESIAN_POINT('',(-16.1989165987896,3.62500000745058,-13.75));
#4180=CARTESIAN_POINT('',(-15.6989165987896,3.62500000745058,-13.25));
#4181=CARTESIAN_POINT('Origin',(-14.4489165987896,7.25000001490113,-13.25));
#4182=CARTESIAN_POINT('',(-14.4489165987896,6.00000001490113,-13.25));
#4183=CARTESIAN_POINT('',(-14.4489165987896,5.50000001490113,-13.75));
#4184=CARTESIAN_POINT('Origin',(-14.4489165987896,5.50000001490113,-13.25));
#4185=CARTESIAN_POINT('Origin',(-14.4489165987896,7.25000001490113,-13.75));
#4186=CARTESIAN_POINT('Origin',(-14.4489165987896,7.25000001490113,-13.25));
#4187=CARTESIAN_POINT('Origin',(7.93604170060518,5.50000001490113,-13.25));
#4188=CARTESIAN_POINT('',(-8.00891659878966,6.00000001490114,-13.25));
#4189=CARTESIAN_POINT('',(-8.00891659878966,5.50000001490114,-13.75));
#4190=CARTESIAN_POINT('Origin',(-8.00891659878966,5.50000001490114,-13.25));
#4191=CARTESIAN_POINT('',(7.93604170060518,5.50000001490113,-13.75));
#4192=CARTESIAN_POINT('',(7.93604170060518,6.00000001490113,-13.25));
#4193=CARTESIAN_POINT('Origin',(-8.00891659878966,7.25000001490113,-13.25));
#4194=CARTESIAN_POINT('Origin',(-8.00891659878966,7.25000001490113,-13.75));
#4195=CARTESIAN_POINT('Origin',(-8.00891659878966,7.25000001490113,-13.25));
#4196=CARTESIAN_POINT('Origin',(-14.4489165987896,7.96000001490113,-11.75));
#4197=CARTESIAN_POINT('',(-14.4489165987896,9.21000001490112,-11.75));
#4198=CARTESIAN_POINT('',(-14.4489165987896,9.21000001490112,-11.75));
#4199=CARTESIAN_POINT('',(-15.6989165987896,7.96000001490113,-11.75));
#4200=CARTESIAN_POINT('Origin',(-14.4489165987896,7.96000001490113,-11.75));
#4201=CARTESIAN_POINT('',(-15.6989165987896,7.96000001490113,-11.75));
#4202=CARTESIAN_POINT('Origin',(-14.4489165987896,9.21000001490112,-11.75));
#4203=CARTESIAN_POINT('',(-8.00891659878966,9.21000001490112,-11.75));
#4204=CARTESIAN_POINT('',(-8.00891659878966,9.21000001490112,-11.75));
#4205=CARTESIAN_POINT('',(4.02554170060519,9.21000001490112,-11.75));
#4206=CARTESIAN_POINT('Origin',(-8.00891659878966,7.96000001490113,-11.75));
#4207=CARTESIAN_POINT('',(-6.75891659878967,7.96000001490113,-11.75));
#4208=CARTESIAN_POINT('',(-6.75891659878967,7.96000001490113,-11.75));
#4209=CARTESIAN_POINT('Origin',(-8.00891659878966,7.96000001490113,-11.75));
#4210=CARTESIAN_POINT('Origin',(-6.75891659878967,7.96000001490113,-11.75));
#4211=CARTESIAN_POINT('',(-6.75891659878966,7.25000001490112,-11.75));
#4212=CARTESIAN_POINT('',(-6.75891659878966,7.25000001490112,-11.75));
#4213=CARTESIAN_POINT('',(-6.75891659878967,3.98000000745059,-11.75));
#4214=CARTESIAN_POINT('Origin',(23.881,0.,-13.75));
#4215=CARTESIAN_POINT('',(23.,1.5,-13.75));
#4216=CARTESIAN_POINT('',(23.,24.05,-13.75));
#4217=CARTESIAN_POINT('',(23.,0.,-13.75));
#4218=CARTESIAN_POINT('',(-21.619,1.5,-13.75));
#4219=CARTESIAN_POINT('',(12.631,1.5,-13.75));
#4220=CARTESIAN_POINT('',(-21.619,24.05,-13.75));
#4221=CARTESIAN_POINT('',(-21.619,0.,-13.75));
#4222=CARTESIAN_POINT('',(23.,24.05,-13.75));
#4223=CARTESIAN_POINT('Origin',(20.8594842085586,4.,-33.9579847232762));
#4224=CARTESIAN_POINT('',(22.5,3.,-1.04884909290706));
#4225=CARTESIAN_POINT('',(22.5,2.35251702966241,-0.449999999999999));
#4226=CARTESIAN_POINT('Ctrl Pts',(22.5,3.,-1.04884909290706));
#4227=CARTESIAN_POINT('Ctrl Pts',(22.5,2.84707735521588,-0.960449530229336));
#4228=CARTESIAN_POINT('Ctrl Pts',(22.5,2.70164300666233,-0.846564596860335));
#4229=CARTESIAN_POINT('Ctrl Pts',(22.5,2.50466839156303,-0.649442077182205));
#4230=CARTESIAN_POINT('Ctrl Pts',(22.5,2.42366821316777,-0.553499022841148));
#4231=CARTESIAN_POINT('Ctrl Pts',(22.5,2.35251702966241,-0.449999999999999));
#4232=CARTESIAN_POINT('',(-3.48200125413923,3.,-11.75));
#4233=CARTESIAN_POINT('Origin',(20.8594842085586,3.,-33.9579847232762));
#4234=CARTESIAN_POINT('',(-5.77977371559384,2.,-11.75));
#4235=CARTESIAN_POINT('Ctrl Pts',(-5.77977371559384,2.,-11.75));
#4236=CARTESIAN_POINT('Ctrl Pts',(-5.42778830602073,2.,-11.75));
#4237=CARTESIAN_POINT('Ctrl Pts',(-5.01098467995826,2.06842299625546,-11.75));
#4238=CARTESIAN_POINT('Ctrl Pts',(-4.38177316882752,2.28767087786004,-11.75));
#4239=CARTESIAN_POINT('Ctrl Pts',(-4.04932741191721,2.46587582750896,-11.75));
#4240=CARTESIAN_POINT('Ctrl Pts',(-3.69505518930416,2.76028391533184,-11.75));
#4241=CARTESIAN_POINT('Ctrl Pts',(-3.5799836241505,2.87462809457598,-11.75));
#4242=CARTESIAN_POINT('Ctrl Pts',(-3.48200125413923,3.,-11.75));
#4243=CARTESIAN_POINT('',(-4.2439165987897,2.,-10.0275873984424));
#4244=CARTESIAN_POINT('Origin',(20.8594842085586,2.,-33.9579847232762));
#4245=CARTESIAN_POINT('',(-4.24391659878969,2.,-10.0359880190302));
#4246=CARTESIAN_POINT('',(-4.2439165987897,2.,-5.01799400951511));
#4247=CARTESIAN_POINT('',(-4.2438934462596,2.12204986072432,-11.0359880187622));
#4248=CARTESIAN_POINT('Ctrl Pts',(-4.2438934462596,2.12204986072432,-11.0359880187622));
#4249=CARTESIAN_POINT('Ctrl Pts',(-4.2439009613413,2.04186708127131,-10.7113979341474));
#4250=CARTESIAN_POINT('Ctrl Pts',(-4.24390930508502,2.00063821301118,-10.3510164259608));
#4251=CARTESIAN_POINT('Ctrl Pts',(-4.24391659879008,2.00000839793122,-10.0359880022404));
#4252=CARTESIAN_POINT('',(-1.33891659905772,2.100556830571,-8.1310111715603));
#4253=CARTESIAN_POINT('Ctrl Pts',(-1.33891659905772,2.100556830571,-8.1310111715603));
#4254=CARTESIAN_POINT('Ctrl Pts',(-1.33892459975723,2.18695077749,-8.47657597540271));
#4255=CARTESIAN_POINT('Ctrl Pts',(-1.40043042581953,2.31580938215102,-8.80664736772858));
#4256=CARTESIAN_POINT('Ctrl Pts',(-1.59698874268375,2.53727960154586,-9.35651654911064));
#4257=CARTESIAN_POINT('Ctrl Pts',(-1.71863228153063,2.63442687639619,-9.59058912355399));
#4258=CARTESIAN_POINT('Ctrl Pts',(-1.94862327920725,2.72739737465018,-9.91688132267223));
#4259=CARTESIAN_POINT('Ctrl Pts',(-2.03610604451732,2.74948819235131,-10.0242399159981));
#4260=CARTESIAN_POINT('Ctrl Pts',(-2.21467386497677,2.76454244721341,-10.2131043617066));
#4261=CARTESIAN_POINT('Ctrl Pts',(-2.30051861240029,2.76136850533743,-10.2934206408337));
#4262=CARTESIAN_POINT('Ctrl Pts',(-2.51782342980637,2.73089066139144,-10.4732850390244));
#4263=CARTESIAN_POINT('Ctrl Pts',(-2.64981673740227,2.69533718579668,-10.5646394933066));
#4264=CARTESIAN_POINT('Ctrl Pts',(-3.09146999764962,2.54821629069188,-10.8208382360992));
#4265=CARTESIAN_POINT('Ctrl Pts',(-3.43952691690819,2.39075483057052,-10.9485007878463));
#4266=CARTESIAN_POINT('Ctrl Pts',(-3.95748825655989,2.20699981038283,-11.025261240916));
#4267=CARTESIAN_POINT('Ctrl Pts',(-4.09974892861892,2.16104437431048,-11.0359846814519));
#4268=CARTESIAN_POINT('Ctrl Pts',(-4.24389344625961,2.12204986072432,-11.0359880187622));
#4269=CARTESIAN_POINT('',(-2.28810638360971,2.,-8.13098919541526));
#4270=CARTESIAN_POINT('Ctrl Pts',(-2.28810638360971,2.,-8.13098919541525));
#4271=CARTESIAN_POINT('Ctrl Pts',(-1.99038992984396,2.,-8.13099608830441));
#4272=CARTESIAN_POINT('Ctrl Pts',(-1.65291693207654,2.03308034839757,-8.13100390165814));
#4273=CARTESIAN_POINT('Ctrl Pts',(-1.33891659905772,2.100556830571,-8.1310111715603));
#4274=CARTESIAN_POINT('',(22.5,2.,0.685244862846699));
#4275=CARTESIAN_POINT('Origin',(20.8594842085586,2.,-33.9579847232762));
#4276=CARTESIAN_POINT('',(22.5,2.00456773793222,0.550000000000006));
#4277=CARTESIAN_POINT('Ctrl Pts',(22.5,2.00456773793222,0.550000000000006));
#4278=CARTESIAN_POINT('Ctrl Pts',(22.5,2.00145203187009,0.596073500252117));
#4279=CARTESIAN_POINT('Ctrl Pts',(22.5,2.,0.641363564201573));
#4280=CARTESIAN_POINT('Ctrl Pts',(22.5,2.,0.685244862846699));
#4281=CARTESIAN_POINT('',(20.4896852830682,2.00741703890862,0.550000000000004));
#4282=CARTESIAN_POINT('Ctrl Pts',(20.4896852830682,2.0074170389086,0.550000000000004));
#4283=CARTESIAN_POINT('Ctrl Pts',(20.6159217837508,2.00753386286234,0.550000000000004));
#4284=CARTESIAN_POINT('Ctrl Pts',(20.7395798111599,2.00758914922172,0.550000000000006));
#4285=CARTESIAN_POINT('Ctrl Pts',(20.8594842085586,2.00758914922172,0.550000000000006));
#4286=CARTESIAN_POINT('Ctrl Pts',(21.3686326301491,2.00758914922172,0.550000000000006));
#4287=CARTESIAN_POINT('Ctrl Pts',(21.9454626587801,2.00635051437145,0.550000000000004));
#4288=CARTESIAN_POINT('Ctrl Pts',(22.5,2.00456773793222,0.550000000000004));
#4289=CARTESIAN_POINT('',(20.4771325368747,2.37929451596914,-0.449999999999996));
#4290=CARTESIAN_POINT('Ctrl Pts',(20.4771325368747,2.37929451596911,-0.450000000000016));
#4291=CARTESIAN_POINT('Ctrl Pts',(20.4844735102892,2.26849954990462,-0.296677864950887));
#4292=CARTESIAN_POINT('Ctrl Pts',(20.4872195114041,2.1799067933448,-0.128338256402646));
#4293=CARTESIAN_POINT('Ctrl Pts',(20.4896778399652,2.05875131452177,0.211306246466906));
#4294=CARTESIAN_POINT('Ctrl Pts',(20.4896662125665,2.02215457926733,0.37934279744229));
#4295=CARTESIAN_POINT('Ctrl Pts',(20.4896852830682,2.0074170389086,0.550000000000002));
#4296=CARTESIAN_POINT('Ctrl Pts',(22.5,2.35251702966241,-0.449999999999996));
#4297=CARTESIAN_POINT('Ctrl Pts',(21.9353114507487,2.37152286518376,-0.449999999999996));
#4298=CARTESIAN_POINT('Ctrl Pts',(21.3832646759213,2.38087405378283,-0.449999999999995));
#4299=CARTESIAN_POINT('Ctrl Pts',(20.8594842085586,2.38087405378283,-0.449999999999995));
#4300=CARTESIAN_POINT('Ctrl Pts',(20.7335931665341,2.38087405378283,-0.449999999999995));
#4301=CARTESIAN_POINT('Ctrl Pts',(20.6060704125746,2.3803582858834,-0.449999999999996));
#4302=CARTESIAN_POINT('Ctrl Pts',(20.4771325368747,2.3792945159691,-0.449999999999996));
#4303=CARTESIAN_POINT('Origin',(22.5,0.,11.75));
#4304=CARTESIAN_POINT('',(22.5,21.05,-0.449999999999997));
#4305=CARTESIAN_POINT('',(22.5,1.,-0.449999999999997));
#4306=CARTESIAN_POINT('',(22.5,21.05,0.550000000000004));
#4307=CARTESIAN_POINT('',(22.5,21.05,0.550000000000004));
#4308=CARTESIAN_POINT('',(22.5,11.05,0.550000000000004));
#4309=CARTESIAN_POINT('',(22.5,1.,0.550000000000004));
#4310=CARTESIAN_POINT('',(22.5,11.05,11.75));
#4311=CARTESIAN_POINT('',(22.5,11.05,6.15));
#4312=CARTESIAN_POINT('',(22.5,22.05,11.75));
#4313=CARTESIAN_POINT('',(22.5,0.,11.75));
#4314=CARTESIAN_POINT('',(22.5,22.05,-11.75));
#4315=CARTESIAN_POINT('',(22.5,22.05,5.875));
#4316=CARTESIAN_POINT('',(22.5,2.,-11.75));
#4317=CARTESIAN_POINT('',(22.5,0.,-11.75));
#4318=CARTESIAN_POINT('',(22.5,2.,-2.05012976657264));
#4319=CARTESIAN_POINT('',(22.5,2.,11.75));
#4320=CARTESIAN_POINT('',(22.5,3.,-2.05012976657264));
#4321=CARTESIAN_POINT('',(22.5,2.,-2.05012976657264));
#4322=CARTESIAN_POINT('',(22.5,3.,2.421145675432));
#4323=CARTESIAN_POINT('Origin',(22.5,2.,-0.449999999999996));
#4324=CARTESIAN_POINT('',(0.671393319019806,2.,-0.449999999999996));
#4325=CARTESIAN_POINT('Origin',(10.5805417004711,2.,-0.449999999999996));
#4326=CARTESIAN_POINT('',(-1.33891659905772,2.,-0.449999999999997));
#4327=CARTESIAN_POINT('',(11.25,2.,-0.449999999999996));
#4328=CARTESIAN_POINT('',(-1.33891659905772,11.05,-0.449999999999997));
#4329=CARTESIAN_POINT('',(-1.33891659905772,2.,-0.449999999999997));
#4330=CARTESIAN_POINT('Origin',(22.5357749760045,-12.449980897772,-0.449999999999997));
#4331=CARTESIAN_POINT('Ctrl Pts',(20.4896852830682,2.0074170389086,-0.450000000000016));
#4332=CARTESIAN_POINT('Ctrl Pts',(20.4799378965716,9.5401240677626,-0.450000000000016));
#4333=CARTESIAN_POINT('Ctrl Pts',(10.5756656077957,9.5364173722986,-0.450000000000016));
#4334=CARTESIAN_POINT('Ctrl Pts',(0.671393319019807,9.53271067683461,-0.450000000000016));
#4335=CARTESIAN_POINT('Ctrl Pts',(0.671393319019806,2.,-0.450000000000016));
#4336=CARTESIAN_POINT('Ctrl Pts',(20.4896852830682,2.0074170389086,0.550000000000004));
#4337=CARTESIAN_POINT('Ctrl Pts',(20.4799378965716,9.5401240677626,0.550000000000004));
#4338=CARTESIAN_POINT('Ctrl Pts',(10.5756656077957,9.5364173722986,0.550000000000004));
#4339=CARTESIAN_POINT('Ctrl Pts',(0.671393319019807,9.53271067683461,0.550000000000004));
#4340=CARTESIAN_POINT('Ctrl Pts',(0.671393319019806,2.,0.550000000000004));
#4341=CARTESIAN_POINT('',(0.671393319019806,2.,0.550000000000004));
#4342=CARTESIAN_POINT('Origin',(10.5805417004711,2.,0.550000000000004));
#4343=CARTESIAN_POINT('',(0.671393319019806,2.,-0.449999999999996));
#4344=CARTESIAN_POINT('Origin',(-0.338916599057724,2.,0.550000000000004));
#4345=CARTESIAN_POINT('',(22.5,10.05,0.550000000000004));
#4346=CARTESIAN_POINT('',(22.5,1.,0.550000000000004));
#4347=CARTESIAN_POINT('',(-0.338916599057724,10.05,0.550000000000004));
#4348=CARTESIAN_POINT('',(-0.338916599057724,10.05,0.550000000000004));
#4349=CARTESIAN_POINT('',(-0.338916599057725,2.,0.550000000000004));
#4350=CARTESIAN_POINT('',(-0.338916599057725,2.,0.550000000000004));
#4351=CARTESIAN_POINT('',(-0.169458299528864,2.,0.550000000000004));
#4352=CARTESIAN_POINT('Origin',(22.5,0.,11.75));
#4353=CARTESIAN_POINT('',(22.5,2.,11.75));
#4354=CARTESIAN_POINT('',(22.5,2.,11.75));
#4355=CARTESIAN_POINT('',(22.5,10.05,11.75));
#4356=CARTESIAN_POINT('',(22.5,0.,11.75));
#4357=CARTESIAN_POINT('',(22.5,10.05,6.15));
#4358=CARTESIAN_POINT('Origin',(9.57188174109483,3.,-6.907708649136));
#4359=CARTESIAN_POINT('',(-2.11023312820307,3.,-11.75));
#4360=CARTESIAN_POINT('',(16.0359408705474,3.,-11.75));
#4361=CARTESIAN_POINT('Origin',(20.8594842085586,3.,-33.9579847232762));
#4362=CARTESIAN_POINT('Origin',(10.1921887436396,2.,-6.907708649136));
#4363=CARTESIAN_POINT('',(-2.11023312820307,2.,-11.75));
#4364=CARTESIAN_POINT('',(22.5,2.,-11.75));
#4365=CARTESIAN_POINT('',(-2.1656225127209,2.,-11.8074325749958));
#4366=CARTESIAN_POINT('Origin',(20.8594842085586,2.,-33.9579847232762));
#4367=CARTESIAN_POINT('',(22.5499999999998,2.,-11.8074325749958));
#4368=CARTESIAN_POINT('',(22.5499999999998,2.,-11.8074325749958));
#4369=CARTESIAN_POINT('',(22.55,2.,-2.05273975698754));
#4370=CARTESIAN_POINT('',(22.55,2.,-2.05273975698754));
#4371=CARTESIAN_POINT('Origin',(20.8594842085586,2.,-33.9579847232762));
#4372=CARTESIAN_POINT('Origin',(-2.16562251272089,2.,-11.8074325749958));
#4373=CARTESIAN_POINT('',(-2.1656225127209,1.66533453693773E-15,-11.8074325749958));
#4374=CARTESIAN_POINT('',(-2.1656225127209,2.,-11.8074325749958));
#4375=CARTESIAN_POINT('',(22.5499999999998,1.66533453693773E-15,-11.8074325749958));
#4376=CARTESIAN_POINT('',(-0.392311256360443,0.,-11.8074325749958));
#4377=CARTESIAN_POINT('',(22.5499999999998,2.,-11.8074325749958));
#4378=CARTESIAN_POINT('Origin',(20.8594842085586,2.,-33.9579847232762));
#4379=CARTESIAN_POINT('',(-2.11023312820307,2.,-11.75));
#4380=CARTESIAN_POINT('',(22.55,1.66533453693773E-15,-2.05273975698754));
#4381=CARTESIAN_POINT('',(22.55,2.,-2.05273975698754));
#4382=CARTESIAN_POINT('Origin',(20.8594842085586,0.,-33.9579847232762));
#4383=CARTESIAN_POINT('Origin',(22.5499999999998,2.,-11.8074325749958));
#4384=CARTESIAN_POINT('',(22.5499999999999,0.,-5.90371628749809));
#4385=CARTESIAN_POINT('Origin',(-21.6189988220776,22.05,-12.77));
#4386=CARTESIAN_POINT('',(22.9999988198048,22.05,-12.77));
#4387=CARTESIAN_POINT('',(-21.6189988220776,22.05,-12.77));
#4388=CARTESIAN_POINT('',(-10.4642494110388,22.05,-12.77));
#4389=CARTESIAN_POINT('',(22.9999988198048,24.05,-12.77));
#4390=CARTESIAN_POINT('',(22.9999988198048,22.05,-12.77));
#4391=CARTESIAN_POINT('',(-21.6189988220776,24.05,-12.77));
#4392=CARTESIAN_POINT('',(22.9999988198048,24.05,-12.77));
#4393=CARTESIAN_POINT('',(-21.6189988220776,22.05,-12.77));
#4394=CARTESIAN_POINT('Origin',(-21.619,22.05,-12.25));
#4395=CARTESIAN_POINT('',(-22.139,22.05,-12.2499988198053));
#4396=CARTESIAN_POINT('Origin',(-21.619,22.05,-12.25));
#4397=CARTESIAN_POINT('',(-22.139,24.05,-12.2499988198053));
#4398=CARTESIAN_POINT('Origin',(-21.619,24.05,-12.25));
#4399=CARTESIAN_POINT('',(-22.139,22.05,-12.2499988198053));
#4400=CARTESIAN_POINT('Origin',(-22.139,22.05,12.2499988198051));
#4401=CARTESIAN_POINT('',(-22.139,22.05,12.2499988198051));
#4402=CARTESIAN_POINT('',(-22.139,22.05,6.12499940990252));
#4403=CARTESIAN_POINT('',(-22.139,24.05,12.2499988198051));
#4404=CARTESIAN_POINT('',(-22.139,24.05,-12.2499988198053));
#4405=CARTESIAN_POINT('',(-22.139,22.05,12.2499988198051));
#4406=CARTESIAN_POINT('Origin',(-21.619,22.05,12.25));
#4407=CARTESIAN_POINT('',(-21.6189988205654,22.05,12.77));
#4408=CARTESIAN_POINT('Origin',(-21.619,22.05,12.25));
#4409=CARTESIAN_POINT('',(-21.6189988205654,24.05,12.77));
#4410=CARTESIAN_POINT('Origin',(-21.619,24.05,12.25));
#4411=CARTESIAN_POINT('',(-21.6189988205654,22.05,12.77));
#4412=CARTESIAN_POINT('Origin',(22.9999988205652,22.05,12.77));
#4413=CARTESIAN_POINT('',(22.9999988205652,22.05,12.77));
#4414=CARTESIAN_POINT('',(11.8452494102826,22.05,12.77));
#4415=CARTESIAN_POINT('',(22.9999988205652,24.05,12.77));
#4416=CARTESIAN_POINT('',(-21.6189988205654,24.05,12.77));
#4417=CARTESIAN_POINT('',(22.9999988205652,22.05,12.77));
#4418=CARTESIAN_POINT('Origin',(23.,22.05,12.25));
#4419=CARTESIAN_POINT('',(23.52,22.05,12.2499988213331));
#4420=CARTESIAN_POINT('Origin',(23.,22.05,12.25));
#4421=CARTESIAN_POINT('',(23.52,24.05,12.2499988213331));
#4422=CARTESIAN_POINT('Origin',(23.,24.05,12.25));
#4423=CARTESIAN_POINT('',(23.52,22.05,12.2499988213331));
#4424=CARTESIAN_POINT('Origin',(23.52,22.05,-12.2499988183163));
#4425=CARTESIAN_POINT('',(23.52,22.05,-12.2499988183163));
#4426=CARTESIAN_POINT('',(23.52,22.05,-6.12499940915817));
#4427=CARTESIAN_POINT('',(23.52,24.05,-12.2499988183163));
#4428=CARTESIAN_POINT('',(23.52,24.05,12.2499988213331));
#4429=CARTESIAN_POINT('',(23.52,22.05,-12.2499988183163));
#4430=CARTESIAN_POINT('Origin',(23.,22.05,-12.25));
#4431=CARTESIAN_POINT('Origin',(23.,22.05,-12.25));
#4432=CARTESIAN_POINT('Origin',(23.,24.05,-12.25));
#4433=CARTESIAN_POINT('Origin',(0.690499999999998,24.05,2.22044604925031E-15));
#4434=CARTESIAN_POINT('',(-23.119,24.05,-12.25));
#4435=CARTESIAN_POINT('Origin',(-21.619,24.05,-12.25));
#4436=CARTESIAN_POINT('',(-23.119,24.05,12.25));
#4437=CARTESIAN_POINT('',(-23.119,24.05,-12.25));
#4438=CARTESIAN_POINT('',(-21.619,24.05,13.75));
#4439=CARTESIAN_POINT('Origin',(-21.619,24.05,12.25));
#4440=CARTESIAN_POINT('',(23.,24.05,13.75));
#4441=CARTESIAN_POINT('',(-21.619,24.05,13.75));
#4442=CARTESIAN_POINT('',(24.5,24.05,12.25));
#4443=CARTESIAN_POINT('Origin',(23.,24.05,12.25));
#4444=CARTESIAN_POINT('',(24.5,24.05,-12.25));
#4445=CARTESIAN_POINT('',(24.5,24.05,12.25));
#4446=CARTESIAN_POINT('Origin',(23.,24.05,-12.25));
#4447=CARTESIAN_POINT('Origin',(-21.119,0.,13.75));
#4448=CARTESIAN_POINT('',(-21.619,1.5,13.75));
#4449=CARTESIAN_POINT('',(-21.619,22.05,13.75));
#4450=CARTESIAN_POINT('',(23.,1.5,13.75));
#4451=CARTESIAN_POINT('',(-9.869,1.5,13.75));
#4452=CARTESIAN_POINT('',(23.,22.05,13.75));
#4453=CARTESIAN_POINT('Origin',(-3.29141659878971,5.,9.96651198096975));
#4454=CARTESIAN_POINT('',(-4.24391659878971,5.,9.01401198096975));
#4455=CARTESIAN_POINT('',(-4.24391729336561,5.,10.8890119809778));
#4456=CARTESIAN_POINT('',(-4.24391659878969,5.,-10.0359880190302));
#4457=CARTESIAN_POINT('',(-2.36891659879788,5.,9.01401198096975));
#4458=CARTESIAN_POINT('Origin',(-4.24396070538073,5.,9.01396787437873));
#4459=CARTESIAN_POINT('',(-20.1189165987897,5.,9.01401198096974));
#4460=CARTESIAN_POINT('Origin',(-4.24391659878971,2.,9.01401198096975));
#4461=CARTESIAN_POINT('',(-4.24391659878971,2.,9.01401198096975));
#4462=CARTESIAN_POINT('',(-4.24391659878971,2.,10.9190119809698));
#4463=CARTESIAN_POINT('',(-4.24391659878969,2.,-10.0359880190302));
#4464=CARTESIAN_POINT('',(-4.24391659878971,5.,10.9190119809698));
#4465=CARTESIAN_POINT('',(-4.24391659878971,2.,10.9190119809698));
#4466=CARTESIAN_POINT('',(-4.24391659878969,5.,-10.0359880190302));
#4467=CARTESIAN_POINT('',(-4.24391659878971,2.,9.01401198096975));
#4468=CARTESIAN_POINT('Origin',(-2.33891659878971,2.,9.01401198096976));
#4469=CARTESIAN_POINT('',(-2.33891659878971,2.,9.01401198096976));
#4470=CARTESIAN_POINT('',(-20.1189165987897,2.,9.01401198096974));
#4471=CARTESIAN_POINT('',(-2.33891659878971,5.,9.01401198096976));
#4472=CARTESIAN_POINT('',(-20.1189165987897,5.,9.01401198096974));
#4473=CARTESIAN_POINT('',(-2.33891659878971,2.,9.01401198096976));
#4474=CARTESIAN_POINT('Origin',(-4.24396070538073,2.,9.01396787437873));
#4475=CARTESIAN_POINT('',(-4.24391729336561,6.,10.8890119809778));
#4476=CARTESIAN_POINT('',(-2.36891659878167,6.,9.01401128639385));
#4477=CARTESIAN_POINT('Origin',(-4.24396070538073,6.,9.01396787437873));
#4478=CARTESIAN_POINT('',(-2.36891659878167,2.,9.01401128639385));
#4479=CARTESIAN_POINT('',(-4.24391729336561,2.,10.8890119809778));
#4480=CARTESIAN_POINT('Origin',(-1.33891659905772,2.,9.01403513349985));
#4481=CARTESIAN_POINT('',(-1.33891659905772,6.,9.01403513349985));
#4482=CARTESIAN_POINT('',(-2.06514978434447,6.,9.01401831936417));
#4483=CARTESIAN_POINT('',(-1.33891659905772,2.,9.01403513349985));
#4484=CARTESIAN_POINT('',(-1.33891659905772,2.,9.01403513349985));
#4485=CARTESIAN_POINT('',(-2.33891659878971,2.,9.01401198096976));
#4486=CARTESIAN_POINT('Origin',(-2.79141659892372,6.,10.4665119808357));
#4487=CARTESIAN_POINT('',(-4.24389735931459,6.,11.75));
#4488=CARTESIAN_POINT('',(-1.33891659905772,6.,11.75));
#4489=CARTESIAN_POINT('',(-12.6457082994619,6.,11.75));
#4490=CARTESIAN_POINT('',(-1.33891659905772,6.,-0.224999999999996));
#4491=CARTESIAN_POINT('',(-4.24392183666034,6.,10.692778795549));
#4492=CARTESIAN_POINT('Origin',(-19.1664165987897,5.,9.96651198096975));
#4493=CARTESIAN_POINT('',(-18.2139165987897,5.,9.01401198096974));
#4494=CARTESIAN_POINT('',(-20.0889165987978,5.,9.01401128639384));
#4495=CARTESIAN_POINT('',(-20.1189165987897,5.,9.01401198096974));
#4496=CARTESIAN_POINT('',(-18.2139165987897,5.,10.8890119809616));
#4497=CARTESIAN_POINT('Origin',(-18.2138724921987,5.,9.01396787437873));
#4498=CARTESIAN_POINT('',(-18.2139165987897,5.,-10.0359880190303));
#4499=CARTESIAN_POINT('Origin',(-18.2139165987897,2.,10.9190119809697));
#4500=CARTESIAN_POINT('',(-18.2139165987897,2.,9.01401198096974));
#4501=CARTESIAN_POINT('',(-18.2139165987897,2.,10.9190119809697));
#4502=CARTESIAN_POINT('',(-18.2139165987897,2.,-10.0359880190303));
#4503=CARTESIAN_POINT('',(-18.2139165987897,2.,9.01401198096974));
#4504=CARTESIAN_POINT('',(-18.2139165987897,5.,10.9190119809697));
#4505=CARTESIAN_POINT('',(-18.2139165987897,5.,-10.0359880190303));
#4506=CARTESIAN_POINT('',(-18.2139165987897,2.,10.9190119809697));
#4507=CARTESIAN_POINT('Origin',(-18.2139165987897,2.,9.01401198096974));
#4508=CARTESIAN_POINT('',(-20.1189165987897,2.,9.01401198096974));
#4509=CARTESIAN_POINT('',(-20.1189165987897,2.,9.01401198096974));
#4510=CARTESIAN_POINT('',(-20.1189165987897,5.,9.01401198096974));
#4511=CARTESIAN_POINT('',(-20.1189165987897,2.,9.01401198096974));
#4512=CARTESIAN_POINT('',(-20.1189165987897,5.,9.01401198096974));
#4513=CARTESIAN_POINT('Origin',(-18.2138724921987,2.,9.01396787437873));
#4514=CARTESIAN_POINT('',(-20.0889165987978,6.,9.01401128639384));
#4515=CARTESIAN_POINT('',(-18.2139159042138,6.,10.8890119809778));
#4516=CARTESIAN_POINT('Origin',(-18.2138724921987,6.,9.01396787437873));
#4517=CARTESIAN_POINT('',(-18.2139159042138,2.,10.8890119809778));
#4518=CARTESIAN_POINT('',(-20.0889165987978,2.,9.01401128639384));
#4519=CARTESIAN_POINT('Origin',(-20.1189165987897,2.,9.01401198096974));
#4520=CARTESIAN_POINT('',(-21.1189165985217,6.,9.01403513349983));
#4521=CARTESIAN_POINT('',(-19.892683413369,6.,9.01400674309911));
#4522=CARTESIAN_POINT('',(-21.1189165985217,2.,9.01403513349983));
#4523=CARTESIAN_POINT('',(-21.1189165985217,2.,9.01403513349983));
#4524=CARTESIAN_POINT('',(-21.1189165985217,2.,9.01403513349983));
#4525=CARTESIAN_POINT('Origin',(-4.24391659878971,2.,10.9190119809698));
#4526=CARTESIAN_POINT('',(-4.24389735931459,2.,11.75));
#4527=CARTESIAN_POINT('',(-4.24389735931458,1.,11.75));
#4528=CARTESIAN_POINT('',(-4.24389344625962,2.,11.9190119807017));
#4529=CARTESIAN_POINT('Origin',(-18.2139397513198,2.,11.9190119807017));
#4530=CARTESIAN_POINT('',(-18.2139358382648,6.,11.75));
#4531=CARTESIAN_POINT('',(-18.2139358382648,2.,11.75));
#4532=CARTESIAN_POINT('',(-18.2139358382648,1.,11.75));
#4533=CARTESIAN_POINT('',(-18.2139397513198,2.,11.9190119807017));
#4534=CARTESIAN_POINT('',(-18.2139229371841,6.,11.192778795415));
#4535=CARTESIAN_POINT('Origin',(-19.6664165986557,6.,10.4665119808357));
#4536=CARTESIAN_POINT('',(-21.11891569,6.,11.75));
#4537=CARTESIAN_POINT('',(-21.0832082993279,6.,11.75));
#4538=CARTESIAN_POINT('',(-21.11891569,6.,-5.875));
#4539=CARTESIAN_POINT('Origin',(10.5805417004711,11.05,5.65));
#4540=CARTESIAN_POINT('',(-1.33891659905772,11.05,0.550000000000004));
#4541=CARTESIAN_POINT('',(11.0805417004711,11.05,0.550000000000004));
#4542=CARTESIAN_POINT('',(-1.33891659905772,11.05,11.75));
#4543=CARTESIAN_POINT('',(-1.33891659905772,11.05,11.75));
#4544=CARTESIAN_POINT('',(-3.88824774846499E-15,11.05,11.75));
#4545=CARTESIAN_POINT('Origin',(-1.33891659905772,2.,-0.449999999999997));
#4546=CARTESIAN_POINT('',(-1.33891659905772,1.,11.75));
#4547=CARTESIAN_POINT('',(-1.33891659905772,11.05,11.75));
#4548=CARTESIAN_POINT('',(-1.33891659905772,2.,-0.224999999999996));
#4549=CARTESIAN_POINT('',(-1.33891659905772,6.36092977651058,0.699358463845353));
#4550=CARTESIAN_POINT('Origin',(-1.33891659905772,6.36092977651058,4.42499462713779));
#4551=CARTESIAN_POINT('Origin',(-1.33891659905772,6.36092977651058,4.42499462713779));
#4552=CARTESIAN_POINT('',(-0.338916599057725,6.36092977651058,0.699358463845353));
#4553=CARTESIAN_POINT('',(-1.33891659905772,6.36092977651058,0.699358463845353));
#4554=CARTESIAN_POINT('',(-0.338916599057724,10.05,3.90429729912843));
#4555=CARTESIAN_POINT('Origin',(-0.338916599057725,6.36092977651058,4.42499462713779));
#4556=CARTESIAN_POINT('',(-0.338916599057724,10.05,4.94569195514715));
#4557=CARTESIAN_POINT('Origin',(-0.338916599057725,6.36092977651058,4.42499462713779));
#4558=CARTESIAN_POINT('Origin',(-0.338916599057725,6.36092977651058,4.42499462713779));
#4559=CARTESIAN_POINT('Origin',(-8.00891659878966,7.25000001490113,-11.75));
#4560=CARTESIAN_POINT('',(-8.00891659878966,6.00000001490114,-11.75));
#4561=CARTESIAN_POINT('',(-8.00891659878966,6.00000001490114,-11.75));
#4562=CARTESIAN_POINT('Origin',(-8.00891659878966,7.25000001490113,-11.75));
#4563=CARTESIAN_POINT('Origin',(-8.00891659878966,6.00000001490114,-11.75));
#4564=CARTESIAN_POINT('',(-14.4489165987896,6.00000001490113,-11.75));
#4565=CARTESIAN_POINT('',(-14.4489165987896,6.00000001490113,-11.75));
#4566=CARTESIAN_POINT('',(7.24554170060517,6.00000001490113,-11.75));
#4567=CARTESIAN_POINT('Origin',(-14.4489165987896,7.25000001490113,-11.75));
#4568=CARTESIAN_POINT('',(-15.6989165987896,7.25000001490112,-11.75));
#4569=CARTESIAN_POINT('',(-15.6989165987896,7.25000001490112,-11.75));
#4570=CARTESIAN_POINT('Origin',(-14.4489165987896,7.25000001490113,-11.75));
#4571=CARTESIAN_POINT('Origin',(-15.6989165987896,7.25000001490112,-11.75));
#4572=CARTESIAN_POINT('',(-15.6989165987896,3.62500000745058,-11.75));
#4573=CARTESIAN_POINT('Origin',(-19.1664165987897,5.,-9.08348801903024));
#4574=CARTESIAN_POINT('',(-18.2139165987897,5.,-8.13098801903023));
#4575=CARTESIAN_POINT('',(-18.2139159042138,5.,-10.0059880190383));
#4576=CARTESIAN_POINT('',(-18.2139165987897,5.,-10.0359880190303));
#4577=CARTESIAN_POINT('',(-20.0889165987815,5.,-8.13098801903023));
#4578=CARTESIAN_POINT('Origin',(-18.2138724921987,5.,-8.13094391243923));
#4579=CARTESIAN_POINT('',(-20.1189165987897,5.,-8.13098801903023));
#4580=CARTESIAN_POINT('Origin',(-20.1189165987897,2.,-8.13098801903023));
#4581=CARTESIAN_POINT('',(-18.2139165987897,2.,-8.13098801903023));
#4582=CARTESIAN_POINT('',(-20.1189165987897,2.,-8.13098801903023));
#4583=CARTESIAN_POINT('',(-10.0594582993948,2.,-8.13098801903022));
#4584=CARTESIAN_POINT('',(-18.2139165987897,2.,-8.13098801903023));
#4585=CARTESIAN_POINT('',(-20.1189165987897,5.,-8.13098801903023));
#4586=CARTESIAN_POINT('',(-20.1189165987897,5.,-8.13098801903023));
#4587=CARTESIAN_POINT('',(-20.1189165987897,2.,-8.13098801903023));
#4588=CARTESIAN_POINT('Origin',(-18.2139165987897,2.,-8.13098801903023));
#4589=CARTESIAN_POINT('',(-18.2139165987897,2.,-10.0359880190303));
#4590=CARTESIAN_POINT('',(-18.2139165987897,2.,-4.06549400951512));
#4591=CARTESIAN_POINT('',(-18.2139165987897,5.,-10.0359880190303));
#4592=CARTESIAN_POINT('',(-18.2139165987897,2.,-10.0359880190303));
#4593=CARTESIAN_POINT('',(-18.2139165987897,5.,-10.0359880190303));
#4594=CARTESIAN_POINT('Origin',(-21.1189165985217,2.,-8.13101117156032));
#4595=CARTESIAN_POINT('',(-20.0889165987978,6.,-8.13098732445433));
#4596=CARTESIAN_POINT('',(-21.1189165985217,6.,-8.13101117156032));
#4597=CARTESIAN_POINT('',(-20.3926834132349,6.,-8.13099435742464));
#4598=CARTESIAN_POINT('',(-21.1189165985217,2.,-8.13101117156032));
#4599=CARTESIAN_POINT('',(-21.1189165985217,2.,-8.13101117156032));
#4600=CARTESIAN_POINT('',(-10.5593641781808,2.,-8.13076669120514));
#4601=CARTESIAN_POINT('',(-20.0889165987978,2.,-8.13098732445433));
#4602=CARTESIAN_POINT('Origin',(-18.2138724921987,2.,-8.13094391243923));
#4603=CARTESIAN_POINT('',(-18.2139159042138,6.,-10.0059880190383));
#4604=CARTESIAN_POINT('Origin',(-18.2138724921987,6.,-8.13094391243923));
#4605=CARTESIAN_POINT('',(-18.2139159042138,2.,-10.0059880190383));
#4606=CARTESIAN_POINT('Origin',(-18.2139165987897,2.,-10.0359880190303));
#4607=CARTESIAN_POINT('',(-18.2139397513198,6.,-11.0359880187622));
#4608=CARTESIAN_POINT('',(-18.2139113609191,6.,-9.80975483360949));
#4609=CARTESIAN_POINT('',(-18.2139397513198,2.,-11.0359880187622));
#4610=CARTESIAN_POINT('',(-18.2138004146508,2.,-5.01778316307902));
#4611=CARTESIAN_POINT('',(-18.2139397513198,2.,-11.0359880187622));
#4612=CARTESIAN_POINT('Origin',(-18.2138724921987,2.,-8.13094391243923));
#4613=CARTESIAN_POINT('Origin',(-18.2138724921987,6.,-8.13094391243923));
#4614=CARTESIAN_POINT('Origin',(-18.2138724921987,2.,-8.13094391243923));
#4615=CARTESIAN_POINT('Origin',(-19.6664165986557,6.,-9.58348801889623));
#4616=CARTESIAN_POINT('Origin',(22.5357749760045,-12.449980897772,0.550000000000004));
#4617=CARTESIAN_POINT('Origin',(22.5357749760045,-12.449980897772,0.550000000000004));
#4618=CARTESIAN_POINT('Origin',(-0.338916599057724,2.,0.550000000000004));
#4619=CARTESIAN_POINT('Origin',(-22.5,0.,11.75));
#4620=CARTESIAN_POINT('',(-0.338916599057724,10.05,11.75));
#4621=CARTESIAN_POINT('',(-11.4194582995289,10.05,11.75));
#4622=CARTESIAN_POINT('',(-0.338916599057725,2.,11.75));
#4623=CARTESIAN_POINT('',(-11.25,2.,11.75));
#4624=CARTESIAN_POINT('',(-0.338916599057724,1.,11.75));
#4625=CARTESIAN_POINT('Origin',(-0.338916599057725,2.,11.75));
#4626=CARTESIAN_POINT('',(-0.338916599057725,10.05,6.15));
#4627=CARTESIAN_POINT('',(-0.338916599057725,2.,5.875));
#4628=CARTESIAN_POINT('',(-0.338916599057725,10.05,6.15));
#4629=CARTESIAN_POINT('Origin',(-0.338916599057724,10.05,0.550000000000004));
#4630=CARTESIAN_POINT('',(-0.338916599057724,10.05,0.550000000000004));
#4631=CARTESIAN_POINT('Origin',(-0.338916599057724,11.05,0.550000000000004));
#4632=CARTESIAN_POINT('Origin',(-3.2914165987897,5.,-9.08348801903023));
#4633=CARTESIAN_POINT('',(-4.24391659878969,5.,-8.13098801903022));
#4634=CARTESIAN_POINT('',(-2.36891659878165,5.,-8.13098732445431));
#4635=CARTESIAN_POINT('',(-20.1189165987897,5.,-8.13098801903023));
#4636=CARTESIAN_POINT('',(-4.24391659878969,5.,-10.0059880190221));
#4637=CARTESIAN_POINT('Origin',(-4.24396070538072,5.,-8.13094391243922));
#4638=CARTESIAN_POINT('',(-4.24391659878969,5.,-10.0359880190302));
#4639=CARTESIAN_POINT('Origin',(-4.24391659878969,2.,-10.0359880190302));
#4640=CARTESIAN_POINT('',(-4.24391659878969,2.,-8.13098801903022));
#4641=CARTESIAN_POINT('',(-4.2439165987897,2.,-5.01799400951511));
#4642=CARTESIAN_POINT('',(-4.24391659878969,2.,-8.13098801903022));
#4643=CARTESIAN_POINT('',(-4.24391659878969,5.,-10.0359880190302));
#4644=CARTESIAN_POINT('',(-4.24391659878969,5.,-10.0359880190302));
#4645=CARTESIAN_POINT('',(-4.24391659878969,2.,-10.0359880190302));
#4646=CARTESIAN_POINT('Origin',(-4.24391659878969,2.,-8.13098801903022));
#4647=CARTESIAN_POINT('',(-2.3389165987897,2.,-8.13098801903022));
#4648=CARTESIAN_POINT('',(-2.12195829939485,2.,-8.13098801903022));
#4649=CARTESIAN_POINT('',(-2.3389165987897,5.,-8.13098801903022));
#4650=CARTESIAN_POINT('',(-2.3389165987897,2.,-8.13098801903022));
#4651=CARTESIAN_POINT('',(-20.1189165987897,5.,-8.13098801903023));
#4652=CARTESIAN_POINT('Origin',(-4.2438934462596,2.,-11.0359880187622));
#4653=CARTESIAN_POINT('',(-4.2439172933656,6.,-10.0059880190383));
#4654=CARTESIAN_POINT('',(-4.2439172933656,2.,-10.0059880190383));
#4655=CARTESIAN_POINT('',(-4.2438934462596,6.,-11.0359880187622));
#4656=CARTESIAN_POINT('',(-4.24391026039528,6.,-10.3097548334755));
#4657=CARTESIAN_POINT('',(-4.2438934462596,2.,-11.0359880187622));
#4658=CARTESIAN_POINT('Origin',(-4.24396070538072,2.,-8.13094391243922));
#4659=CARTESIAN_POINT('',(-2.36891659878165,6.,-8.13098732445431));
#4660=CARTESIAN_POINT('Origin',(-4.24396070538072,6.,-8.13094391243922));
#4661=CARTESIAN_POINT('',(-2.36891659878165,2.,-8.13098732445431));
#4662=CARTESIAN_POINT('Origin',(-2.33891659878969,2.,-8.13098801903022));
#4663=CARTESIAN_POINT('',(-1.33891659905772,6.,-8.1310111715603));
#4664=CARTESIAN_POINT('',(-1.33891659905772,2.,-8.1310111715603));
#4665=CARTESIAN_POINT('',(-2.56514978421045,6.,-8.13098278115958));
#4666=CARTESIAN_POINT('',(-1.16955242649406,2.,-8.1310150927694));
#4667=CARTESIAN_POINT('Origin',(-4.24396070538072,2.,-8.13094391243922));
#4668=CARTESIAN_POINT('Origin',(-4.24396070538072,6.,-8.13094391243922));
#4669=CARTESIAN_POINT('Origin',(-2.7914165989237,6.,-9.58348801889622));
#4670=CARTESIAN_POINT('Origin',(1.38100000000001,0.,4.44089209850063E-15));
#4671=CARTESIAN_POINT('',(23.,0.,-12.25));
#4672=CARTESIAN_POINT('',(-21.619,0.,-12.25));
#4673=CARTESIAN_POINT('',(12.631,0.,-12.25));
#4674=CARTESIAN_POINT('',(23.,0.,12.25));
#4675=CARTESIAN_POINT('',(23.,0.,5.875));
#4676=CARTESIAN_POINT('',(-21.619,0.,12.25));
#4677=CARTESIAN_POINT('',(-9.869,0.,12.25));
#4678=CARTESIAN_POINT('',(-21.619,0.,-5.87500000000001));
#4679=CARTESIAN_POINT('Origin',(23.,1.5,5.875));
#4680=CARTESIAN_POINT('',(24.5,1.5,-12.25));
#4681=CARTESIAN_POINT('Origin',(23.,1.5,-12.25));
#4682=CARTESIAN_POINT('',(24.5,1.5,12.25));
#4683=CARTESIAN_POINT('',(24.5,1.5,5.875));
#4684=CARTESIAN_POINT('Origin',(23.,1.5,12.25));
#4685=CARTESIAN_POINT('Origin',(-9.869,1.5,12.25));
#4686=CARTESIAN_POINT('Origin',(23.,1.5,12.25));
#4687=CARTESIAN_POINT('Origin',(-21.619,1.5,12.25));
#4688=CARTESIAN_POINT('Origin',(-21.619,1.5,-5.87500000000001));
#4689=CARTESIAN_POINT('',(-23.119,1.5,12.25));
#4690=CARTESIAN_POINT('Origin',(-21.619,1.5,12.25));
#4691=CARTESIAN_POINT('',(-23.119,1.5,-12.25));
#4692=CARTESIAN_POINT('',(-23.119,1.5,-5.87500000000001));
#4693=CARTESIAN_POINT('Origin',(-21.619,1.5,-12.25));
#4694=CARTESIAN_POINT('Origin',(-21.619,1.5,12.25));
#4695=CARTESIAN_POINT('Origin',(-21.619,1.5,12.25));
#4696=CARTESIAN_POINT('Origin',(23.,1.5,12.25));
#4697=CARTESIAN_POINT('Origin',(23.,1.5,12.25));
#4698=CARTESIAN_POINT('Origin',(12.631,1.5,-12.25));
#4699=CARTESIAN_POINT('Origin',(-21.619,1.5,-12.25));
#4700=CARTESIAN_POINT('Origin',(23.,1.5,-12.25));
#4701=CARTESIAN_POINT('Origin',(-21.619,1.5,-12.25));
#4702=CARTESIAN_POINT('Origin',(-21.619,1.5,-12.25));
#4703=CARTESIAN_POINT('Origin',(23.,1.5,-12.25));
#4704=CARTESIAN_POINT('Origin',(23.,1.5,-12.25));
#4705=CARTESIAN_POINT('Origin',(-21.619,0.,-12.25));
#4706=CARTESIAN_POINT('',(-23.119,22.05,-12.25));
#4707=CARTESIAN_POINT('Origin',(-23.119,0.,-11.75));
#4708=CARTESIAN_POINT('',(-23.119,22.05,12.25));
#4709=CARTESIAN_POINT('Origin',(-21.619,0.,12.25));
#4710=CARTESIAN_POINT('Origin',(-4.44089209850063E-15,2.,4.44089209850063E-15));
#4711=CARTESIAN_POINT('',(-21.11891569,2.,-11.75));
#4712=CARTESIAN_POINT('',(22.5,2.,-11.75));
#4713=CARTESIAN_POINT('',(-21.11891569,2.,-5.875));
#4714=CARTESIAN_POINT('',(-21.11891569,2.,-5.875));
#4715=CARTESIAN_POINT('',(-11.25,2.,11.75));
#4716=CARTESIAN_POINT('Origin',(22.5,0.,-11.75));
#4717=CARTESIAN_POINT('',(-21.11891569,22.05,-11.75));
#4718=CARTESIAN_POINT('',(11.59525,22.05,-11.75));
#4719=CARTESIAN_POINT('',(-21.11891569,0.,-11.75));
#4720=CARTESIAN_POINT('Origin',(23.,0.,12.25));
#4721=CARTESIAN_POINT('',(24.5,22.05,12.25));
#4722=CARTESIAN_POINT('Origin',(24.5,0.,11.75));
#4723=CARTESIAN_POINT('',(24.5,0.,-12.25));
#4724=CARTESIAN_POINT('Origin',(23.,0.,-12.25));
#4725=CARTESIAN_POINT('Origin',(-22.5,0.,11.75));
#4726=CARTESIAN_POINT('',(-21.11891569,22.05,11.75));
#4727=CARTESIAN_POINT('',(-10.90475,22.05,11.75));
#4728=CARTESIAN_POINT('',(-21.11891569,0.,11.75));
#4729=CARTESIAN_POINT('Origin',(-21.11891569,0.,-11.75));
#4730=CARTESIAN_POINT('',(-21.11891569,22.05,-5.875));
#4731=CARTESIAN_POINT('',(-21.1189165985217,2.,-8.13101117156032));
#4732=CARTESIAN_POINT('Origin',(0.690499999999996,22.05,2.22044604925031E-15));
#4733=CARTESIAN_POINT('Origin',(-21.619,22.05,-12.75));
#4734=CARTESIAN_POINT('',(-21.619,22.05,-12.75));
#4735=CARTESIAN_POINT('',(23.,22.05,-12.75));
#4736=CARTESIAN_POINT('',(-10.46425,22.05,-12.75));
#4737=CARTESIAN_POINT('',(-21.619,24.05,-12.75));
#4738=CARTESIAN_POINT('',(-21.619,22.05,-12.75));
#4739=CARTESIAN_POINT('',(23.,24.05,-12.75));
#4740=CARTESIAN_POINT('',(23.,24.05,-12.75));
#4741=CARTESIAN_POINT('',(23.,22.05,-12.75));
#4742=CARTESIAN_POINT('Origin',(-21.619,22.05,-12.25));
#4743=CARTESIAN_POINT('',(-22.119,22.05,-12.25));
#4744=CARTESIAN_POINT('Origin',(-21.619,22.05,-12.25));
#4745=CARTESIAN_POINT('',(-22.119,24.05,-12.25));
#4746=CARTESIAN_POINT('',(-22.119,22.05,-12.25));
#4747=CARTESIAN_POINT('Origin',(-21.619,24.05,-12.25));
#4748=CARTESIAN_POINT('Origin',(-22.119,22.05,12.25));
#4749=CARTESIAN_POINT('',(-22.119,22.05,12.25));
#4750=CARTESIAN_POINT('',(-22.119,22.05,6.12499999999999));
#4751=CARTESIAN_POINT('',(-22.119,24.05,12.25));
#4752=CARTESIAN_POINT('',(-22.119,22.05,12.25));
#4753=CARTESIAN_POINT('',(-22.119,24.05,-12.25));
#4754=CARTESIAN_POINT('Origin',(-21.619,22.05,12.25));
#4755=CARTESIAN_POINT('',(-21.619,22.05,12.75));
#4756=CARTESIAN_POINT('Origin',(-21.619,22.05,12.25));
#4757=CARTESIAN_POINT('',(-21.619,24.05,12.75));
#4758=CARTESIAN_POINT('',(-21.619,22.05,12.75));
#4759=CARTESIAN_POINT('Origin',(-21.619,24.05,12.25));
#4760=CARTESIAN_POINT('Origin',(23.,22.05,12.75));
#4761=CARTESIAN_POINT('',(23.,22.05,12.75));
#4762=CARTESIAN_POINT('',(11.84525,22.05,12.75));
#4763=CARTESIAN_POINT('',(23.,24.05,12.75));
#4764=CARTESIAN_POINT('',(23.,22.05,12.75));
#4765=CARTESIAN_POINT('',(-21.619,24.05,12.75));
#4766=CARTESIAN_POINT('Origin',(23.,22.05,12.25));
#4767=CARTESIAN_POINT('',(23.5,22.05,12.25));
#4768=CARTESIAN_POINT('Origin',(23.,22.05,12.25));
#4769=CARTESIAN_POINT('',(23.5,24.05,12.25));
#4770=CARTESIAN_POINT('',(23.5,22.05,12.25));
#4771=CARTESIAN_POINT('Origin',(23.,24.05,12.25));
#4772=CARTESIAN_POINT('Origin',(23.5,22.05,-12.25));
#4773=CARTESIAN_POINT('',(23.5,22.05,-12.25));
#4774=CARTESIAN_POINT('',(23.5,22.05,-6.125));
#4775=CARTESIAN_POINT('',(23.5,24.05,-12.25));
#4776=CARTESIAN_POINT('',(23.5,22.05,-12.25));
#4777=CARTESIAN_POINT('',(23.5,24.05,12.25));
#4778=CARTESIAN_POINT('Origin',(23.,22.05,-12.25));
#4779=CARTESIAN_POINT('Origin',(23.,22.05,-12.25));
#4780=CARTESIAN_POINT('Origin',(23.,24.05,-12.25));
#4781=CARTESIAN_POINT('Origin',(0.690499999999998,24.05,2.22044604925031E-15));
#4782=CARTESIAN_POINT('',(-21.619,24.05,-13.75));
#4783=CARTESIAN_POINT('',(-23.119,24.05,-12.25));
#4784=CARTESIAN_POINT('Origin',(-21.619,24.05,-12.25));
#4785=CARTESIAN_POINT('',(23.,24.05,-13.75));
#4786=CARTESIAN_POINT('',(12.28575,24.05,-13.75));
#4787=CARTESIAN_POINT('',(24.5,24.05,-12.25));
#4788=CARTESIAN_POINT('Origin',(23.,24.05,-12.25));
#4789=CARTESIAN_POINT('',(24.5,24.05,12.25));
#4790=CARTESIAN_POINT('',(24.5,24.05,5.875));
#4791=CARTESIAN_POINT('',(23.,24.05,13.75));
#4792=CARTESIAN_POINT('Origin',(23.,24.05,12.25));
#4793=CARTESIAN_POINT('',(-21.619,24.05,13.75));
#4794=CARTESIAN_POINT('',(-10.21425,24.05,13.75));
#4795=CARTESIAN_POINT('',(-23.119,24.05,12.25));
#4796=CARTESIAN_POINT('Origin',(-21.619,24.05,12.25));
#4797=CARTESIAN_POINT('',(-23.119,24.05,-5.87500000000001));
#4798=CARTESIAN_POINT('Origin',(-21.119,0.,13.75));
#4799=CARTESIAN_POINT('',(23.,26.5,13.75));
#4800=CARTESIAN_POINT('',(23.,0.,13.75));
#4801=CARTESIAN_POINT('',(-21.619,26.5,13.75));
#4802=CARTESIAN_POINT('',(-9.869,26.5,13.75));
#4803=CARTESIAN_POINT('',(-21.619,0.,13.75));
#4804=CARTESIAN_POINT('Origin',(23.,0.,12.25));
#4805=CARTESIAN_POINT('',(24.5,26.5,12.25));
#4806=CARTESIAN_POINT('',(24.5,0.,12.25));
#4807=CARTESIAN_POINT('Origin',(23.,26.5,12.25));
#4808=CARTESIAN_POINT('Origin',(24.5,0.,11.75));
#4809=CARTESIAN_POINT('',(24.5,26.5,-12.25));
#4810=CARTESIAN_POINT('',(24.5,0.,-12.25));
#4811=CARTESIAN_POINT('',(24.5,26.5,5.875));
#4812=CARTESIAN_POINT('Origin',(23.,0.,-12.25));
#4813=CARTESIAN_POINT('',(23.,26.5,-13.75));
#4814=CARTESIAN_POINT('',(23.,0.,-13.75));
#4815=CARTESIAN_POINT('Origin',(23.,26.5,-12.25));
#4816=CARTESIAN_POINT('Origin',(0.690499999999996,22.05,2.22044604925031E-15));
#4817=CARTESIAN_POINT('',(22.5,22.05,11.75));
#4818=CARTESIAN_POINT('',(-21.11891569,22.05,11.75));
#4819=CARTESIAN_POINT('',(-10.90475,22.05,11.75));
#4820=CARTESIAN_POINT('',(22.5,22.05,-11.75));
#4821=CARTESIAN_POINT('',(22.5,22.05,5.875));
#4822=CARTESIAN_POINT('',(-21.11891569,22.05,-11.75));
#4823=CARTESIAN_POINT('',(11.59525,22.05,-11.75));
#4824=CARTESIAN_POINT('',(-21.11891569,22.05,-5.875));
#4825=CARTESIAN_POINT('Origin',(22.5,0.,-11.75));
#4826=CARTESIAN_POINT('',(22.5,26.,-11.75));
#4827=CARTESIAN_POINT('',(22.5,0.,-11.75));
#4828=CARTESIAN_POINT('',(-21.11891569,26.,-11.75));
#4829=CARTESIAN_POINT('',(22.5,26.,-11.75));
#4830=CARTESIAN_POINT('',(-21.11891569,0.,-11.75));
#4831=CARTESIAN_POINT('Origin',(22.5,0.,11.75));
#4832=CARTESIAN_POINT('',(22.5,26.,11.75));
#4833=CARTESIAN_POINT('',(22.5,0.,11.75));
#4834=CARTESIAN_POINT('',(22.5,26.,11.75));
#4835=CARTESIAN_POINT('Origin',(-21.619,0.,-12.25));
#4836=CARTESIAN_POINT('',(-23.119,26.5,-12.25));
#4837=CARTESIAN_POINT('',(-23.119,0.,-12.25));
#4838=CARTESIAN_POINT('',(-21.619,26.5,-13.75));
#4839=CARTESIAN_POINT('Origin',(-21.619,26.5,-12.25));
#4840=CARTESIAN_POINT('',(-21.619,0.,-13.75));
#4841=CARTESIAN_POINT('Origin',(-23.119,0.,-11.75));
#4842=CARTESIAN_POINT('',(-23.119,26.5,12.25));
#4843=CARTESIAN_POINT('',(-23.119,0.,12.25));
#4844=CARTESIAN_POINT('',(-23.119,26.5,-5.87500000000001));
#4845=CARTESIAN_POINT('Origin',(-21.619,0.,12.25));
#4846=CARTESIAN_POINT('Origin',(-21.619,26.5,12.25));
#4847=CARTESIAN_POINT('Origin',(-22.5,0.,11.75));
#4848=CARTESIAN_POINT('',(-21.11891569,26.,11.75));
#4849=CARTESIAN_POINT('',(-21.11891569,0.,11.75));
#4850=CARTESIAN_POINT('',(-22.5,26.,11.75));
#4851=CARTESIAN_POINT('Origin',(-21.11891569,0.,-11.75));
#4852=CARTESIAN_POINT('',(-21.11891569,26.,-5.875));
#4853=CARTESIAN_POINT('Origin',(23.,26.5,5.875));
#4854=CARTESIAN_POINT('',(23.,28.,12.25));
#4855=CARTESIAN_POINT('Origin',(23.,26.5,12.25));
#4856=CARTESIAN_POINT('',(23.,28.,-12.25));
#4857=CARTESIAN_POINT('Origin',(23.,26.5,-12.25));
#4858=CARTESIAN_POINT('',(23.,28.,5.875));
#4859=CARTESIAN_POINT('Origin',(-9.869,26.5,12.25));
#4860=CARTESIAN_POINT('',(-21.619,28.,12.25));
#4861=CARTESIAN_POINT('Origin',(-21.619,26.5,12.25));
#4862=CARTESIAN_POINT('Origin',(23.,26.5,12.25));
#4863=CARTESIAN_POINT('',(-9.869,28.,12.25));
#4864=CARTESIAN_POINT('Origin',(23.,26.5,12.25));
#4865=CARTESIAN_POINT('Origin',(-21.619,26.5,-5.87500000000001));
#4866=CARTESIAN_POINT('',(-21.619,28.,-12.25));
#4867=CARTESIAN_POINT('Origin',(-21.619,26.5,-12.25));
#4868=CARTESIAN_POINT('Origin',(-21.619,26.5,12.25));
#4869=CARTESIAN_POINT('',(-21.619,28.,-5.87500000000001));
#4870=CARTESIAN_POINT('Origin',(-21.619,26.5,12.25));
#4871=CARTESIAN_POINT('Origin',(12.631,26.5,-12.25));
#4872=CARTESIAN_POINT('Origin',(23.,26.5,-12.25));
#4873=CARTESIAN_POINT('',(12.631,26.5,-13.75));
#4874=CARTESIAN_POINT('Origin',(-21.619,26.5,-12.25));
#4875=CARTESIAN_POINT('',(12.631,28.,-12.25));
#4876=CARTESIAN_POINT('Origin',(-21.619,26.5,-12.25));
#4877=CARTESIAN_POINT('Origin',(23.,26.5,-12.25));
#4878=CARTESIAN_POINT('Origin',(23.881,0.,-13.75));
#4879=CARTESIAN_POINT('Origin',(1.38100000000001,28.,4.44089209850063E-15));
#4880=CARTESIAN_POINT('Origin',(-4.44089209850063E-15,26.,4.44089209850063E-15));
#4881=CARTESIAN_POINT('Origin',(9.09999999999984,0.15057745176648,-11.7574325749958));
#4882=CARTESIAN_POINT('',(9.09999999999984,0.15057745176648,-11.7574325749958));
#4883=CARTESIAN_POINT('',(9.09999999999984,6.15057745176648,-11.7574325749958));
#4884=CARTESIAN_POINT('',(9.09999999999984,0.15057745176648,-11.7574325749958));
#4885=CARTESIAN_POINT('',(9.09999999999984,0.15057745176648,-9.75743257499581));
#4886=CARTESIAN_POINT('',(9.09999999999984,0.15057745176648,-9.33257061206591));
#4887=CARTESIAN_POINT('',(9.09999999999984,6.15057745176648,-9.75743257499581));
#4888=CARTESIAN_POINT('',(9.09999999999984,22.1505774517665,-9.75743257499581));
#4889=CARTESIAN_POINT('',(9.09999999999984,6.15057745176648,-11.7574325749958));
#4890=CARTESIAN_POINT('Origin',(4.69999999999984,6.15057745176648,-11.7574325749958));
#4891=CARTESIAN_POINT('',(4.69999999999984,6.15057745176648,-11.7574325749958));
#4892=CARTESIAN_POINT('',(4.69999999999984,0.15057745176648,-11.7574325749958));
#4893=CARTESIAN_POINT('',(4.69999999999984,3.15057745176648,-11.7574325749958));
#4894=CARTESIAN_POINT('',(4.69999999999984,6.15057745176648,-9.75743257499582));
#4895=CARTESIAN_POINT('',(4.69999999999984,6.15057745176648,-11.7574325749958));
#4896=CARTESIAN_POINT('',(4.69999999999984,0.15057745176648,-9.75743257499582));
#4897=CARTESIAN_POINT('',(4.69999999999984,22.1505774517665,-9.75743257499582));
#4898=CARTESIAN_POINT('',(4.69999999999984,0.15057745176648,-9.33257061206591));
#4899=CARTESIAN_POINT('Origin',(9.09999999999984,6.15057745176648,-11.7574325749958));
#4900=CARTESIAN_POINT('',(15.7999999999998,6.15057745176648,-11.7574325749958));
#4901=CARTESIAN_POINT('',(4.69999999999984,6.15057745176648,-9.75743257499582));
#4902=CARTESIAN_POINT('Origin',(6.89999999999984,3.15057745176648,-9.75743257499582));
#4903=CARTESIAN_POINT('',(8.56304009868305,0.15057745176648,-9.75743257499581));
#4904=CARTESIAN_POINT('Origin',(10.2260801973663,0.15057745176648,-6.907708649136));
#4905=CARTESIAN_POINT('',(22.4999999999998,0.15057745176648,-11.7574325749958));
#4906=CARTESIAN_POINT('',(-3.60000000000008,0.15057745176648,-11.7574325749958));
#4907=CARTESIAN_POINT('',(22.5,0.15057745176648,-2.1001959120917));
#4908=CARTESIAN_POINT('',(22.4999999999998,0.15057745176648,-12.5574325749958));
#4909=CARTESIAN_POINT('',(-2.04783960526746,0.15057745176648,-11.7574325749958));
#4910=CARTESIAN_POINT('Origin',(20.8594842085586,0.15057745176648,-33.9579847232762));
#4911=CARTESIAN_POINT('',(-3.60000000000008,0.15057745176648,-11.7574325749958));
#4912=CARTESIAN_POINT('Origin',(22.4999999999998,0.15057745176648,-11.7574325749958));
#4913=CARTESIAN_POINT('',(-2.04783960526746,22.1505774517665,-11.7574325749958));
#4914=CARTESIAN_POINT('',(-2.04783960526746,0.15057745176648,-11.7574325749958));
#4915=CARTESIAN_POINT('',(22.4999999999998,22.1505774517665,-11.7574325749958));
#4916=CARTESIAN_POINT('',(-3.60000000000008,22.1505774517665,-11.7574325749958));
#4917=CARTESIAN_POINT('',(22.4999999999998,0.15057745176648,-11.7574325749958));
#4918=CARTESIAN_POINT('Origin',(22.5,0.15057745176648,-2.1001959120917));
#4919=CARTESIAN_POINT('',(22.5,22.1505774517665,-2.1001959120917));
#4920=CARTESIAN_POINT('',(22.4999999999998,22.1505774517665,-12.5574325749958));
#4921=CARTESIAN_POINT('',(22.5,0.15057745176648,-2.1001959120917));
#4922=CARTESIAN_POINT('Origin',(20.8594842085586,0.15057745176648,-33.9579847232762));
#4923=CARTESIAN_POINT('Origin',(20.8594842085586,22.1505774517665,-33.9579847232762));
#4924=CARTESIAN_POINT('Origin',(10.2260801973663,22.1505774517665,-6.907708649136));
#4925=CARTESIAN_POINT('',(0.,0.,0.));
#4926=CARTESIAN_POINT('Origin',(16.4594842085588,22.,-25.0005521482804));
#4927=CARTESIAN_POINT('',(16.4594842085588,3.5,-25.5005521482804));
#4928=CARTESIAN_POINT('',(16.9594842085588,3.5,-25.0005521482804));
#4929=CARTESIAN_POINT('Origin',(16.4594842085588,3.5,-25.0005521482804));
#4930=CARTESIAN_POINT('',(16.9594842085588,22.,-25.0005521482804));
#4931=CARTESIAN_POINT('',(16.9594842085588,22.,-25.0005521482804));
#4932=CARTESIAN_POINT('',(16.4594842085588,22.,-25.5005521482804));
#4933=CARTESIAN_POINT('Origin',(16.4594842085588,22.,-25.0005521482804));
#4934=CARTESIAN_POINT('',(16.4594842085588,22.,-25.5005521482804));
#4935=CARTESIAN_POINT('Origin',(16.4594842085588,3.5,-24.7505521482804));
#4936=CARTESIAN_POINT('',(16.4594842085588,3.,-24.9005521482804));
#4937=CARTESIAN_POINT('',(16.9594842085588,3.5,-24.9005521482804));
#4938=CARTESIAN_POINT('Origin',(16.4594842085588,3.5,-24.9005521482804));
#4939=CARTESIAN_POINT('',(16.9594842085588,3.5,-24.7505521482804));
#4940=CARTESIAN_POINT('',(16.4594842085588,3.,-25.0005521482804));
#4941=CARTESIAN_POINT('Origin',(16.4594842085588,3.5,-25.0005521482804));
#4942=CARTESIAN_POINT('',(16.4594842085588,3.,-24.7505521482804));
#4943=CARTESIAN_POINT('Origin',(16.4594842085588,3.5,-25.0005521482804));
#4944=CARTESIAN_POINT('Origin',(16.4594842085588,3.5,-25.0005521482804));
#4945=CARTESIAN_POINT('Origin',(16.4594842085588,2.3,-24.9005521482804));
#4946=CARTESIAN_POINT('',(16.9594842085588,3.,-23.9258727137995));
#4947=CARTESIAN_POINT('',(16.8594842085588,3.,-24.3348667233311));
#4948=CARTESIAN_POINT('Ctrl Pts',(16.9594842085588,3.,-23.9258727137995));
#4949=CARTESIAN_POINT('Ctrl Pts',(16.9594842085588,3.,-24.0594185053659));
#4950=CARTESIAN_POINT('Ctrl Pts',(16.9167491748344,3.,-24.2133893853974));
#4951=CARTESIAN_POINT('Ctrl Pts',(16.8594842085588,3.,-24.3348667233311));
#4952=CARTESIAN_POINT('Origin',(16.9594842085588,2.3,-24.9005521482804));
#4953=CARTESIAN_POINT('',(16.4594842085588,2.8744562646538,-24.5005521482804));
#4954=CARTESIAN_POINT('Origin',(16.4594842085588,2.3,-24.9005521482804));
#4955=CARTESIAN_POINT('Ctrl Pts',(16.8594842085588,3.,-24.3348667233311));
#4956=CARTESIAN_POINT('Ctrl Pts',(16.8320910052148,3.,-24.3929764828601));
#4957=CARTESIAN_POINT('Ctrl Pts',(16.8011914544589,2.9982895396989,-24.4454999314565));
#4958=CARTESIAN_POINT('Ctrl Pts',(16.7501813291921,2.99169461800558,-24.5133308620612));
#4959=CARTESIAN_POINT('Ctrl Pts',(16.72687406078,2.9878219522436,-24.5398862304863));
#4960=CARTESIAN_POINT('Ctrl Pts',(16.6827290202929,2.97758722551383,-24.5739838563808));
#4961=CARTESIAN_POINT('Ctrl Pts',(16.6657463043383,2.97285676513802,-24.5825620568266));
#4962=CARTESIAN_POINT('Ctrl Pts',(16.6348751374056,2.9631769571834,-24.5918946914337));
#4963=CARTESIAN_POINT('Ctrl Pts',(16.619760449629,2.95787799325419,-24.5932158362338));
#4964=CARTESIAN_POINT('Ctrl Pts',(16.5874583176833,2.94523958240515,-24.589400240291));
#4965=CARTESIAN_POINT('Ctrl Pts',(16.5713262792693,2.93815515509892,-24.5836710972676));
#4966=CARTESIAN_POINT('Ctrl Pts',(16.5208703595665,2.91391195583082,-24.5583054896819));
#4967=CARTESIAN_POINT('Ctrl Pts',(16.486872872659,2.89352728243911,-24.5279408123806));
#4968=CARTESIAN_POINT('Ctrl Pts',(16.4594842085588,2.8744562646538,-24.5005521482804));
#4969=CARTESIAN_POINT('Origin',(16.9594842085588,22.,-25.5005521482804));
#4970=CARTESIAN_POINT('',(16.9594842085588,3.,-22.5005521482804));
#4971=CARTESIAN_POINT('',(16.9594842085588,3.,-22.5005521482804));
#4972=CARTESIAN_POINT('',(16.9594842085588,22.,-22.5005521482804));
#4973=CARTESIAN_POINT('',(16.9594842085588,22.,-22.5005521482804));
#4974=CARTESIAN_POINT('',(16.9594842085588,22.,-26.2754141112103));
#4975=CARTESIAN_POINT('Origin',(13.9594842085588,3.,-24.0005521482804));
#4976=CARTESIAN_POINT('',(16.8594842085588,3.,-22.5005521482804));
#4977=CARTESIAN_POINT('',(16.8594842085588,3.,-23.1005521482804));
#4978=CARTESIAN_POINT('',(10.9594842085588,3.,-22.5005521482804));
#4979=CARTESIAN_POINT('Origin',(11.4594842085588,3.5,-23.2505521482804));
#4980=CARTESIAN_POINT('',(10.9594842085588,3.5,-24.9005521482804));
#4981=CARTESIAN_POINT('',(11.4594842085588,3.,-24.9005521482804));
#4982=CARTESIAN_POINT('Origin',(11.4594842085588,3.5,-24.9005521482804));
#4983=CARTESIAN_POINT('',(11.4594842085588,3.,-25.0005521482804));
#4984=CARTESIAN_POINT('',(11.4594842085588,3.,-23.2505521482804));
#4985=CARTESIAN_POINT('',(10.9594842085588,3.5,-25.0005521482804));
#4986=CARTESIAN_POINT('Origin',(11.4594842085588,3.5,-25.0005521482804));
#4987=CARTESIAN_POINT('',(10.9594842085588,3.5,-23.2505521482804));
#4988=CARTESIAN_POINT('Origin',(11.4594842085588,22.,-25.0005521482804));
#4989=CARTESIAN_POINT('',(11.4594842085588,3.5,-25.5005521482804));
#4990=CARTESIAN_POINT('Origin',(11.4594842085588,3.5,-25.0005521482804));
#4991=CARTESIAN_POINT('',(11.4594842085588,22.,-25.5005521482804));
#4992=CARTESIAN_POINT('',(11.4594842085588,22.,-25.5005521482804));
#4993=CARTESIAN_POINT('',(10.9594842085588,22.,-25.0005521482804));
#4994=CARTESIAN_POINT('Origin',(11.4594842085588,22.,-25.0005521482804));
#4995=CARTESIAN_POINT('',(10.9594842085588,22.,-25.0005521482804));
#4996=CARTESIAN_POINT('Origin',(11.4594842085588,3.5,-25.0005521482804));
#4997=CARTESIAN_POINT('Origin',(11.4594842085588,3.5,-25.0005521482804));
#4998=CARTESIAN_POINT('Origin',(11.4594842085588,2.3,-24.9005521482804));
#4999=CARTESIAN_POINT('',(11.4594842085588,2.8744562646538,-24.5005521482804));
#5000=CARTESIAN_POINT('',(11.0594842085588,3.,-24.3348667233311));
#5001=CARTESIAN_POINT('Ctrl Pts',(11.4594842085588,2.8744562646538,-24.5005521482804));
#5002=CARTESIAN_POINT('Ctrl Pts',(11.4317554585509,2.89376408786962,-24.5282808982883));
#5003=CARTESIAN_POINT('Ctrl Pts',(11.3913657310824,2.91815956487494,-24.5655896423652));
#5004=CARTESIAN_POINT('Ctrl Pts',(11.3319749467624,2.94502535555429,-24.5890404115799));
#5005=CARTESIAN_POINT('Ctrl Pts',(11.315153620854,2.95190758313627,-24.5927356178723));
#5006=CARTESIAN_POINT('Ctrl Pts',(11.2825349235995,2.9637042878243,-24.5915958616511));
#5007=CARTESIAN_POINT('Ctrl Pts',(11.2680642803802,2.96836366004824,-24.5879765918189));
#5008=CARTESIAN_POINT('Ctrl Pts',(11.2365474524687,2.97747847973982,-24.5740292463624));
#5009=CARTESIAN_POINT('Ctrl Pts',(11.2203841972133,2.98142045185757,-24.5626197553584));
#5010=CARTESIAN_POINT('Ctrl Pts',(11.1788891801393,2.99028929837136,-24.5263458378741));
#5011=CARTESIAN_POINT('Ctrl Pts',(11.1543072090614,2.99385366145803,-24.4956072557724));
#5012=CARTESIAN_POINT('Ctrl Pts',(11.1077972743388,2.99882116452959,-24.4281895227255));
#5013=CARTESIAN_POINT('Ctrl Pts',(11.0824257819916,3.,-24.3835331497674));
#5014=CARTESIAN_POINT('Ctrl Pts',(11.0594842085588,3.,-24.3348667233311));
#5015=CARTESIAN_POINT('Origin',(11.4594842085588,2.3,-24.9005521482804));
#5016=CARTESIAN_POINT('',(10.9594842085588,3.,-23.9258727137995));
#5017=CARTESIAN_POINT('Origin',(10.9594842085588,2.3,-24.9005521482804));
#5018=CARTESIAN_POINT('Ctrl Pts',(11.0594842085588,3.,-24.3348667233311));
#5019=CARTESIAN_POINT('Ctrl Pts',(11.0022192422832,3.,-24.2133893853974));
#5020=CARTESIAN_POINT('Ctrl Pts',(10.9594842085588,3.,-24.0594185053659));
#5021=CARTESIAN_POINT('Ctrl Pts',(10.9594842085588,3.,-23.9258727137995));
#5022=CARTESIAN_POINT('Origin',(11.0594842085588,2.3,-23.1005521482804));
#5023=CARTESIAN_POINT('',(11.0594842085588,3.,-22.5005521482804));
#5024=CARTESIAN_POINT('',(11.0594842085588,3.,-23.1005521482804));
#5025=CARTESIAN_POINT('',(11.7594842085588,2.3,-22.5005521482804));
#5026=CARTESIAN_POINT('Origin',(11.0594842085588,2.3,-22.5005521482804));
#5027=CARTESIAN_POINT('',(11.7594842085588,2.3,-24.2005521482804));
#5028=CARTESIAN_POINT('',(11.7594842085588,2.3,-23.1005521482804));
#5029=CARTESIAN_POINT('Origin',(11.0594842085588,2.3,-24.9005521482804));
#5030=CARTESIAN_POINT('Origin',(13.9594842085588,3.,-24.0005521482804));
#5031=CARTESIAN_POINT('',(10.9594842085588,3.,-22.5005521482804));
#5032=CARTESIAN_POINT('',(10.9594842085588,3.,-25.5005521482804));
#5033=CARTESIAN_POINT('',(10.9594842085588,3.,-22.5005521482804));
#5034=CARTESIAN_POINT('Origin',(10.9594842085588,22.,-22.5005521482804));
#5035=CARTESIAN_POINT('',(10.9594842085588,22.,-22.5005521482804));
#5036=CARTESIAN_POINT('',(10.9594842085588,22.,-24.7754141112103));
#5037=CARTESIAN_POINT('',(10.9594842085588,22.,-22.5005521482804));
#5038=CARTESIAN_POINT('Origin',(12.4594842085588,3.5,-25.0005521482804));
#5039=CARTESIAN_POINT('',(12.4594842085588,3.5,-25.5005521482804));
#5040=CARTESIAN_POINT('',(12.4594842085588,3.,-25.0005521482804));
#5041=CARTESIAN_POINT('Origin',(10.9594842085588,22.,-25.5005521482804));
#5042=CARTESIAN_POINT('',(10.7964441098756,22.,-25.5005521482804));
#5043=CARTESIAN_POINT('Origin',(16.8594842085588,2.3,-23.1005521482804));
#5044=CARTESIAN_POINT('',(16.1594842085588,2.3,-24.2005521482804));
#5045=CARTESIAN_POINT('Origin',(16.8594842085588,2.3,-24.9005521482804));
#5046=CARTESIAN_POINT('',(16.1594842085588,2.3,-22.5005521482804));
#5047=CARTESIAN_POINT('',(16.1594842085588,2.3,-23.1005521482804));
#5048=CARTESIAN_POINT('Origin',(16.8594842085588,2.3,-22.5005521482804));
#5049=CARTESIAN_POINT('Origin',(13.9594842085588,2.3,-24.9005521482804));
#5050=CARTESIAN_POINT('',(13.9594842085588,3.,-24.9005521482804));
#5051=CARTESIAN_POINT('',(13.9594842085588,2.3,-24.2005521482804));
#5052=CARTESIAN_POINT('Origin',(16.1594842085588,6.,-22.2005521482804));
#5053=CARTESIAN_POINT('',(16.1594842085588,6.,-22.5005521482804));
#5054=CARTESIAN_POINT('',(16.1594842085588,14.,-22.5005521482804));
#5055=CARTESIAN_POINT('',(16.1594842085588,0.,-24.2005521482804));
#5056=CARTESIAN_POINT('',(16.1594842085588,22.,-24.2005521482804));
#5057=CARTESIAN_POINT('',(16.1594842085588,0.,-22.2005521482804));
#5058=CARTESIAN_POINT('',(16.1594842085588,0.,-24.6254141112103));
#5059=CARTESIAN_POINT('',(16.1594842085588,6.,-22.2005521482804));
#5060=CARTESIAN_POINT('',(16.1594842085588,3.,-22.2005521482804));
#5061=CARTESIAN_POINT('',(16.1594842085588,6.,-22.2005521482804));
#5062=CARTESIAN_POINT('Origin',(13.9594842085588,3.,-24.2005521482804));
#5063=CARTESIAN_POINT('',(11.7594842085588,0.,-24.2005521482804));
#5064=CARTESIAN_POINT('',(11.7594842085588,22.,-24.2005521482804));
#5065=CARTESIAN_POINT('',(12.2964441098756,0.,-24.2005521482804));
#5066=CARTESIAN_POINT('Origin',(11.7594842085588,0.,-22.2005521482804));
#5067=CARTESIAN_POINT('',(11.7594842085588,6.,-22.5005521482804));
#5068=CARTESIAN_POINT('',(11.7594842085588,11.,-22.5005521482804));
#5069=CARTESIAN_POINT('',(11.7594842085588,6.,-22.2005521482804));
#5070=CARTESIAN_POINT('',(11.7594842085588,6.,-22.2005521482804));
#5071=CARTESIAN_POINT('',(11.7594842085588,0.,-22.2005521482804));
#5072=CARTESIAN_POINT('',(11.7594842085588,0.,-22.2005521482804));
#5073=CARTESIAN_POINT('',(11.7594842085588,0.,-24.6254141112103));
#5074=CARTESIAN_POINT('Origin',(16.9594842085588,22.,-22.5005521482804));
#5075=CARTESIAN_POINT('',(13.7964441098756,22.,-22.5005521482804));
#5076=CARTESIAN_POINT('',(14.3594842085588,6.,-22.5005521482804));
#5077=CARTESIAN_POINT('Origin',(13.9594842085588,3.,-24.0005521482804));
#5078=CARTESIAN_POINT('Origin',(11.7594842085588,6.,-22.2005521482804));
#5079=CARTESIAN_POINT('',(5.05948420855879,6.,-22.2005521482804));
#5080=CARTESIAN_POINT('Origin',(10.6334040111924,0.,-27.0502760741402));
#5081=CARTESIAN_POINT('',(-1.64051579144122,0.,-22.2005521482804));
#5082=CARTESIAN_POINT('',(24.4594842085587,0.,-22.2005521482804));
#5083=CARTESIAN_POINT('',(-1.64051579144138,0.,-31.8577888111845));
#5084=CARTESIAN_POINT('',(-1.6405157914412,0.,-21.4005521482804));
#5085=CARTESIAN_POINT('',(22.9073238138261,0.,-22.2005521482804));
#5086=CARTESIAN_POINT('Origin',(0.,0.,0.));
#5087=CARTESIAN_POINT('',(24.4594842085587,0.,-22.2005521482804));
#5088=CARTESIAN_POINT('Origin',(-1.64051579144122,0.,-22.2005521482804));
#5089=CARTESIAN_POINT('',(22.9073238138261,22.,-22.2005521482804));
#5090=CARTESIAN_POINT('',(22.9073238138261,0.,-22.2005521482804));
#5091=CARTESIAN_POINT('',(-1.64051579144122,22.,-22.2005521482804));
#5092=CARTESIAN_POINT('',(24.4594842085587,22.,-22.2005521482804));
#5093=CARTESIAN_POINT('',(-1.64051579144122,0.,-22.2005521482804));
#5094=CARTESIAN_POINT('Origin',(-1.64051579144138,0.,-31.8577888111845));
#5095=CARTESIAN_POINT('',(-1.64051579144138,22.,-31.8577888111845));
#5096=CARTESIAN_POINT('',(-1.6405157914412,22.,-21.4005521482804));
#5097=CARTESIAN_POINT('',(-1.64051579144138,0.,-31.8577888111845));
#5098=CARTESIAN_POINT('Origin',(0.,0.,0.));
#5099=CARTESIAN_POINT('Origin',(0.,22.,0.));
#5100=CARTESIAN_POINT('Origin',(10.6334040111924,22.,-27.0502760741402));
#5101=CARTESIAN_POINT('',(0.,0.,0.));
#5102=CARTESIAN_POINT('',(0.,0.,0.));
#5103=UNCERTAINTY_MEASURE_WITH_UNIT(LENGTH_MEASURE(0.01),#5111,
'DISTANCE_ACCURACY_VALUE',
'Maximum model space distance between geometric entities at asserted c
onnectivities');
#5104=UNCERTAINTY_MEASURE_WITH_UNIT(LENGTH_MEASURE(0.01),#5111,
'DISTANCE_ACCURACY_VALUE',
'Maximum model space distance between geometric entities at asserted c
onnectivities');
#5105=UNCERTAINTY_MEASURE_WITH_UNIT(LENGTH_MEASURE(0.01),#5111,
'DISTANCE_ACCURACY_VALUE',
'Maximum model space distance between geometric entities at asserted c
onnectivities');
#5106=UNCERTAINTY_MEASURE_WITH_UNIT(LENGTH_MEASURE(0.01),#5111,
'DISTANCE_ACCURACY_VALUE',
'Maximum model space distance between geometric entities at asserted c
onnectivities');
#5107=(
GEOMETRIC_REPRESENTATION_CONTEXT(3)
GLOBAL_UNCERTAINTY_ASSIGNED_CONTEXT((#5103))
GLOBAL_UNIT_ASSIGNED_CONTEXT((#5111,#5113,#5114))
REPRESENTATION_CONTEXT('','3D')
);
#5108=(
GEOMETRIC_REPRESENTATION_CONTEXT(3)
GLOBAL_UNCERTAINTY_ASSIGNED_CONTEXT((#5104))
GLOBAL_UNIT_ASSIGNED_CONTEXT((#5111,#5113,#5114))
REPRESENTATION_CONTEXT('','3D')
);
#5109=(
GEOMETRIC_REPRESENTATION_CONTEXT(3)
GLOBAL_UNCERTAINTY_ASSIGNED_CONTEXT((#5105))
GLOBAL_UNIT_ASSIGNED_CONTEXT((#5111,#5113,#5114))
REPRESENTATION_CONTEXT('','3D')
);
#5110=(
GEOMETRIC_REPRESENTATION_CONTEXT(3)
GLOBAL_UNCERTAINTY_ASSIGNED_CONTEXT((#5106))
GLOBAL_UNIT_ASSIGNED_CONTEXT((#5111,#5113,#5114))
REPRESENTATION_CONTEXT('','3D')
);
#5111=(
LENGTH_UNIT()
NAMED_UNIT(*)
SI_UNIT(.MILLI.,.METRE.)
);
#5112=(
LENGTH_UNIT()
NAMED_UNIT(*)
SI_UNIT($,.METRE.)
);
#5113=(
NAMED_UNIT(*)
PLANE_ANGLE_UNIT()
SI_UNIT($,.RADIAN.)
);
#5114=(
NAMED_UNIT(*)
SI_UNIT($,.STERADIAN.)
SOLID_ANGLE_UNIT()
);
#5115=SHAPE_DEFINITION_REPRESENTATION(#5118,#5123);
#5116=SHAPE_DEFINITION_REPRESENTATION(#5119,#5124);
#5117=SHAPE_DEFINITION_REPRESENTATION(#5120,#5125);
#5118=PRODUCT_DEFINITION_SHAPE('',$,#5127);
#5119=PRODUCT_DEFINITION_SHAPE('',$,#5128);
#5120=PRODUCT_DEFINITION_SHAPE('',$,#5129);
#5121=PRODUCT_DEFINITION_SHAPE($,$,#17);
#5122=PRODUCT_DEFINITION_SHAPE($,$,#18);
#5123=SHAPE_REPRESENTATION('',(#2992,#3276,#3277),#5107);
#5124=SHAPE_REPRESENTATION('',(#2993),#5108);
#5125=SHAPE_REPRESENTATION('',(#3227),#5109);
#5126=PRODUCT_DEFINITION_CONTEXT('part definition',#5137,'design');
#5127=PRODUCT_DEFINITION('Watermeter enclosure',
'Watermeter enclosure v13',#5130,#5126);
#5128=PRODUCT_DEFINITION('Component1','Component1',#5131,#5126);
#5129=PRODUCT_DEFINITION('Component2','Component2',#5132,#5126);
#5130=PRODUCT_DEFINITION_FORMATION('',$,#5139);
#5131=PRODUCT_DEFINITION_FORMATION('',$,#5140);
#5132=PRODUCT_DEFINITION_FORMATION('',$,#5141);
#5133=PRODUCT_RELATED_PRODUCT_CATEGORY('Watermeter enclosure v13',
'Watermeter enclosure v13',(#5139));
#5134=PRODUCT_RELATED_PRODUCT_CATEGORY('Component1','Component1',(#5140));
#5135=PRODUCT_RELATED_PRODUCT_CATEGORY('Component2','Component2',(#5141));
#5136=APPLICATION_PROTOCOL_DEFINITION('international standard',
'automotive_design',2009,#5137);
#5137=APPLICATION_CONTEXT(
'Core Data for Automotive Mechanical Design Process');
#5138=PRODUCT_CONTEXT('part definition',#5137,'mechanical');
#5139=PRODUCT('Watermeter enclosure','Watermeter enclosure v13',$,(#5138));
#5140=PRODUCT('Component1','Component1',$,(#5138));
#5141=PRODUCT('Component2','Component2',$,(#5138));
#5142=PRESENTATION_STYLE_ASSIGNMENT((#5143));
#5143=SURFACE_STYLE_USAGE(.BOTH.,#5144);
#5144=SURFACE_SIDE_STYLE('',(#5145));
#5145=SURFACE_STYLE_FILL_AREA(#5146);
#5146=FILL_AREA_STYLE('Steel - Satin',(#5147));
#5147=FILL_AREA_STYLE_COLOUR('Steel - Satin',#5148);
#5148=COLOUR_RGB('Steel - Satin',0.627450980392157,0.627450980392157,0.627450980392157);
ENDSEC;
END-ISO-10303-21;
